Kata Unik,Frekuensi
di,1250
yang,1152
dan,1078
dengan,615
untuk,583
dari,542
ini,535
indonesia,469
dalam,463
pada,435
juga,404
itu,392
tersebut,348
tidak,342
dunia,281
akan,277
ke,269
menjadi,264
bisa,262
rp,258
kita,244
mereka,217
kejuaraan,216
kami,216
lebih,215
bank,200
saya,196
pt,190
saat,188
saham,175
gim,175
jadi,173
hingga,171
ada,170
atau,166
pertama,163
satu,161
tahun,160
sudah,154
sebagai,152
secara,148
ganda,144
masih,143
karena,136
putri,136
besar,134
dapat,134
setelah,133
kedua,130
dua,129
harus,129
bagi,128
pertandingan,122
telah,120
ojk,120
jonatan,116
sama,113
melalui,112
terus,111
ya,107
putra,106
tapi,105
poin,104
ia,104
hari,104
sebesar,103
kepada,103
babak,103
kata,101
serta,100
amri,99
namun,98
harga,98
melakukan,98
jakarta,97
nita,97
bpr,97
triliun,96
hal,95
adalah,95
baik,95
sektor,93
ujar,92
turnamen,91
usaha,91
dia,91
pbsi,90
oleh,90
keuangan,90
masyarakat,89
atas,89
pasar,88
pasangan,87
fikri,86
alwi,85
nomor,85
kondisi,84
belum,83
wakil,83
salah,82
bersama,82
china,82
perdagangan,82
sebelumnya,81
bulutangkis,80
tetap,80
awal,80
agustus,80
langsung,80
pemain,79
level,79
baru,79
hasil,79
memiliki,78
prabowo,78
menghadapi,77
sempat,77
saja,77
hanya,77
juara,77
sementara,77
miliar,76
berbagai,76
memberikan,76
kemudian,76
destry,76
kembali,74
modal,74
tbk,73
kalau,73
open,73
fajar,73
tampil,72
dilakukan,72
mulai,71
ekonomi,71
kemenangan,70
menjaga,70
terhadap,70
atlet,69
india,69
seperti,69
lagi,68
bisnis,68
semakin,67
tiga,67
skor,66
kamis,66
bi,66
selama,66
mengatakan,66
banyak,65
lalu,65
memang,65
berdasarkan,65
permainan,65
set,65
kan,65
emas,64
kali,63
lapangan,63
tunggal,63
merupakan,62
setiap,62
menang,62
dana,62
rusia,62
fokus,61
purbaya,61
kebutuhan,61
september,61
cukup,61
negara,60
proses,60
campuran,60
gubernur,60
medali,59
ihsg,59
perekonomian,59
sesuai,59
usai,58
lawan,58
nanti,58
unggul,58
maupun,58
bukan,57
bri,57
ingin,57
bahwa,56
juta,56
membuat,55
memastikan,55
pertumbuhan,55
new,55
rakyat,55
mencapai,55
berjalan,55
meski,55
ketiga,55
menguat,53
kerja,53
angka,53
mungkin,53
sangat,53
kalah,52
bidang,52
sekitar,52
sebelum,52
berada,52
program,51
trias,51
naik,51
syariah,51
waktu,51
akhirnya,50
sejak,50
bursa,50
masing,50
delhi,50
terkait,50
tinggi,50
utama,49
laga,49
mampu,49
lain,49
para,48
video,48
target,48
kini,47
sendiri,47
per,46
asian,46
pasti,46
kesempatan,46
sabar,46
pemerintah,46
games,46
unggulan,46
nilai,46
orang,46
lainnya,45
lihat,45
pihak,45
seluruh,45
berhasil,45
pelatnas,45
termasuk,45
periode,44
as,44
pun,44
i,44
sebanyak,44
pelaku,44
pelatih,44
interval,44
sejumlah,44
beberapa,44
terakhir,44
masuk,44
dpr,43
rabu,43
kebijakan,43
perusahaan,43
penting,43
rachel,43
meraih,43
tengah,42
tetapi,42
lembaga,42
anggaran,42
reza,42
berlangsung,42
sekaligus,42
izin,41
depan,41
anthony,41
bwf,41
sehingga,41
febi,41
umum,40
pb,40
dolar,40
bagian,40
d,40
apa,40
selain,40
daniel,39
kementerian,39
yakni,39
transaksi,39
selatan,39
pengawasan,39
final,39
gaido,39
daerah,38
pusat,38
semifinal,38
berharap,38
undang,38
mcy,38
hewan,38
akhir,38
sekarang,38
sanksi,38
ana,37
bei,37
sampai,37
produk,37
selasa,37
nasional,37
melihat,37
diri,37
masters,37
leo,37
menit,36
barat,36
main,36
menjelaskan,36
bulan,36
langkah,36
cara,36
global,35
total,35
merebut,35
terjadi,35
rumah,35
mendapatkan,35
perlu,35
mau,35
dulu,35
keputusan,35
presiden,35
bawah,34
tim,34
jauh,34
mandiri,34
perseroan,34
peluang,34
posisi,34
agar,34
world,34
rapat,34
informasi,34
antara,33
umkm,33
uang,33
turun,33
tercatat,33
menetapkan,33
rencana,33
keterangan,33
grup,33
muhammad,33
siap,33
memperkuat,33
sisi,33
jasa,32
tumbuh,32
s,32
anggota,32
mengalahkan,32
persiapan,32
resmi,32
meningkat,32
nama,32
petenis,31
bermain,31
anda,31
tertulis,31
data,31
pemegang,31
penawaran,31
administratif,31
coba,31
tentu,31
melemah,31
terbaik,31
lee,31
internasional,31
timur,31
positif,31
pertemuan,31
selanjutnya,30
peringkat,30
semua,30
ri,30
bali,30
siapa,30
emiten,30
berlaku,30
perempatfinal,30
gelar,30
bahkan,30
tentang,30
beruntun,30
teknologi,30
gandhi,30
mudah,30
jumlah,30
jawa,30
pengalaman,29
pembangunan,29
super,29
menurut,29
tanpa,29
pojk,29
lolos,29
efek,29
industri,29
selalu,29
menteri,29
kusuma,29
makassar,28
mana,28
berbeda,28
membangun,28
bagaimana,28
christie,28
soal,28
energi,28
joaquin,28
jepang,28
pengembangan,28
tertinggal,28
menurutnya,28
perjalanan,28
sepanjang,28
abadi,28
violina,27
punya,27
paling,27
dibandingkan,27
jika,27
menyampaikan,27
aktivitas,27
kepala,27
farhan,27
enggak,27
membawa,27
melawan,27
marwah,27
mengejar,27
ketika,27
lima,27
syahnawi,27
perubahan,26
berikutnya,26
bersada,26
penguatan,26
wib,26
begitu,26
citra,26
arena,25
ajang,25
pembiayaan,25
upaya,25
sih,25
pernah,25
kegiatan,25
investasi,25
digunakan,25
pajak,25
kantor,25
menunjukkan,25
nya,25
justru,25
daftar,25
otoritas,25
malaysia,25
krs,25
mata,25
dewan,25
ketua,25
peserta,25
pinjaman,25
tekanan,24
shohibul,24
menggunakan,24
menegaskan,24
mendapat,24
ungkap,24
stabilitas,24
tambahan,24
laporan,24
menilai,24
alfian,24
damayanti,24
indeks,24
tugas,24
nova,24
turut,24
sistem,24
bertemu,24
publik,23
tadi,23
tanggal,23
membutuhkan,23
ketentuan,23
empat,23
bagus,23
melaju,23
memimpin,23
keduanya,23
asal,23
bertanding,23
lewat,23
ujarnya,23
penjamin,23
sedangkan,23
pebulutangkis,23
putin,23
terlalu,23
gram,23
sedang,23
meningkatkan,23
merah,23
resolusi,22
kinerja,22
chang,22
ketat,22
gagal,22
muda,22
minimum,22
menuju,22
rupiah,22
mencatat,22
demikian,22
anak,22
kura,22
us,22
m,22
prestasi,22
indira,22
terutama,22
menyebut,22
rata,22
laba,22
tempat,22
kehilangan,22
kelas,22
feng,22
ditemui,21
ditetapkan,21
lanjut,21
pola,21
kawasan,21
mendorong,21
evaluasi,21
enam,21
chou,21
status,21
kredit,21
delapan,21
gunawan,21
peliharaan,21
ikut,21
jaya,21
buat,21
menunggu,21
satunya,21
senin,21
minggu,21
benar,21
bprs,21
aturan,21
a,21
semester,21
tingkat,21
pembinaan,21
pencabutan,21
isyana,21
digelar,21
nathan,20
thalita,20
non,20
nah,20
gas,20
panjang,20
ranking,20
tukar,20
lps,20
cipayung,20
acara,20
li,20
kualitas,20
koperasi,20
simpanan,20
memilih,20
kemarin,20
keluarga,20
kemiskinan,20
perlawanan,20
tegas,20
meminta,20
korea,20
mental,20
jumat,20
peraturan,19
penjualan,19
huang,19
ditutup,19
luar,19
aff,19
rinjani,19
kuat,19
raymond,19
lah,19
latihan,19
efektif,19
persaingan,19
menciptakan,19
mencari,19
keunggulan,19
taiwan,19
strategis,19
tahu,19
operasional,19
jam,19
hidup,19
dikutip,19
dasar,19
inflasi,19
infrastruktur,19
diberikan,19
wilayah,19
penuh,19
misalnya,19
kayak,19
saling,19
kenaikan,19
kewajiban,19
mengaku,19
maksimal,19
menyiapkan,18
penyehatan,18
terhenti,18
penanganan,18
jelas,18
tutup,18
penetapan,18
serikat,18
akses,18
putih,18
vs,18
yaitu,18
deputi,18
selesai,18
segera,18
perbankan,18
fasilitas,18
mengenai,18
kedudukan,18
bagas,18
tentunya,18
terbesar,18
mendukung,18
bmks,18
membantu,18
raya,18
kurang,18
baek,18
sulawesi,18
cuma,18
yi,18
djarum,17
pribadi,17
rangkaian,17
memanfaatkan,17
subianto,17
tahap,17
komisi,17
keterangannya,17
rehan,17
ekspor,17
sulcata,17
bersih,17
khususnya,17
eng,17
khusus,17
tinggal,17
keluar,17
anton,17
pendapatan,17
katanya,17
sinergi,17
teknis,17
usia,17
datang,17
harapan,17
hian,17
buy,17
selepas,17
bumi,17
bekerja,17
hadir,17
menjalankan,17
beregu,17
forum,17
cedera,17
kepercayaan,17
mengalami,17
proyek,16
baca,16
produksi,16
strategi,16
berusaha,16
bikin,16
berupa,16
bimo,16
garis,16
tennis,16
asia,16
gitu,16
mengamankan,16
mengembangkan,16
memperluas,16
federasi,16
mengikuti,16
uji,16
membuka,16
konsisten,16
komisioner,16
makanan,16
manajemen,16
amerika,16
badminton,16
teh,16
renaldi,16
darah,16
danantara,16
susanto,16
direktur,16
gloria,16
sering,16
hery,16
seri,16
juni,16
nasabah,16
antam,16
juli,16
bergerak,16
mengunci,16
perjanjian,16
terbuka,16
kesehatan,16
cepat,16
pegawai,16
jadwal,16
paripurna,16
pukul,16
jarak,15
calon,15
japan,15
senior,15
pembidangan,15
parlemen,15
sumber,15
dijadwalkan,15
utara,15
pahlevi,15
tour,15
ara,15
biasa,15
kesulitan,15
match,15
sl,15
pesawat,15
konsistensi,15
meilysa,15
lingkungan,15
sukses,15
komoditas,15
masa,15
kompleks,15
sosial,15
febriana,15
asing,15
po,15
championship,15
disiapkan,15
dukungan,15
duel,15
dwipuji,15
menarik,15
bumn,15
mundur,15
momentum,15
moneter,15
kelapa,15
negeri,15
kekalahan,15
menutup,15
moh,15
stadium,15
mengatasi,15
menengah,15
percaya,15
performa,15
tuh,15
perkembangan,15
mengajak,15
keempat,15
aset,15
kesalahan,15
hsuan,15
pelanggaran,15
gutama,15
oktober,15
jojo,15
ternyata,15
kendaraan,15
game,15
mencabut,14
menawarkan,14
menambah,14
memulai,14
memperoleh,14
ptt,14
situasi,14
berkembang,14
audisi,14
pula,14
y,14
adapun,14
dirinya,14
fdl,14
rose,14
memahami,14
tantangan,14
standar,14
mbg,14
masalah,14
efisiensi,14
bangkit,14
gaya,14
kasih,14
mengungkapkan,14
menjalani,14
perbaikan,14
mr,14
sebenarnya,14
senayan,14
karyaman,14
tertentu,14
setianingrum,14
kehadiran,14
keras,14
pengurus,14
mrp,14
nds,14
januari,14
aksi,14
pekerja,14
hukum,14
udara,14
bayar,14
isfahani,14
sehat,14
bekasi,14
indra,14
club,14
ab,14
utr,14
wardani,14
an,14
swap,14
surat,14
digital,14
yoo,13
yoy,13
likuiditas,13
vktr,13
vladivostok,13
volume,13
indah,13
ii,13
ton,13
top,13
pelaksanaan,13
barang,13
sebagaimana,13
batas,13
tiket,13
pagi,13
nusa,13
jeffrey,13
alasan,13
pemenang,13
simak,13
kang,13
men,13
mendatang,13
stabil,13
melangkah,13
keterlambatan,13
kesiapan,13
badan,13
umk,13
prancis,13
economic,13
lawannya,13
maka,13
manggarai,13
kota,13
ester,13
biasanya,13
kemampuan,13
angin,13
perunggu,13
pilihan,13
memenangi,13
ki,13
fisik,13
perry,13
mengakui,13
allessya,13
garuda,13
gading,13
pemenuhan,12
titik,12
adanya,12
country,12
group,12
triwulan,12
tujuan,12
tuturnya,12
antm,12
u,12
berasal,12
olahraga,12
tiba,12
semuanya,12
jalan,12
sedikit,12
h,12
beach,12
penyesuaian,12
akuntan,12
bulanan,12
selamat,12
pembayaran,12
jalur,12
investor,12
sekali,12
denda,12
likuidasi,12
xi,12
utang,12
diperdagangkan,12
diharapkan,12
tni,12
to,12
ruang,12
all,12
bilang,12
ethan,12
potensi,12
aspek,12
kerap,12
kepemilikan,12
bakal,12
expo,12
menerima,12
kelompok,12
tersingkir,12
bergulir,12
up,12
reptile,12
melanjutkan,12
keseluruhan,12
ku,12
manfaat,12
chen,12
b,12
lou,12
layanan,12
tax,12
kompetisi,12
lakukan,12
lama,12
medan,12
media,12
prioritas,12
dong,12
puspitasari,12
pungkasnya,12
penyampaian,11
adg,11
komunikasi,11
tertinggi,11
beber,11
sabtu,11
menyamakan,11
jelasnya,11
runner,11
daya,11
david,11
beda,11
tien,11
sejalan,11
kepatuhan,11
desa,11
dokumen,11
balik,11
arlya,11
segala,11
pekan,11
on,11
diperkirakan,11
kategori,11
jason,11
jaringan,11
jawab,11
menyatakan,11
event,11
net,11
agenda,11
dibuka,11
republik,11
pertanian,11
aichi,11
hotel,11
hns,11
bersaing,11
belajar,11
england,11
bps,11
kekuatan,11
nagoya,11
berbalik,11
menjual,11
menempati,11
rasio,11
ran,11
pekerjaan,11
pencapaian,11
memutuskan,11
menambahkan,11
provinsi,11
mencoba,11
pur,11
fair,11
cabang,11
ekonom,11
tempo,11
ekspansi,11
serangan,11
memasuki,10
de,10
supaya,10
step,10
komitmen,10
dnb,10
chun,10
pbpi,10
kesejahteraan,10
artha,10
zhe,10
alhamdulillah,10
macam,10
penutupan,10
nikolaus,10
rolly,10
dominan,10
berarti,10
bandar,10
eastern,10
thesya,10
gedung,10
pegang,10
sulit,10
fungsi,10
dijalankan,10
tulis,10
disampaikan,10
jaminan,10
penghapusan,10
budi,10
kunci,10
susy,10
solo,10
menemukan,10
menerapkan,10
catatan,10
stagnan,10
carnando,10
menjelang,10
pukulan,10
pemberdayaan,10
tutur,10
ping,10
rafalentino,10
tambahnya,10
go,10
ribu,10
aqua,10
iqbal,10
lokal,10
taipei,10
sehari,10
makan,10
menghadirkan,10
membidik,10
detail,10
merasa,10
aisyah,10
faza,10
tata,10
tangan,10
ekosistem,10
pangan,10
menyambut,10
keuntungan,10
hu,10
bay,10
harapannya,10
hubungan,10
indoor,10
penempatan,10
penentuan,10
semangat,10
mempertahankan,10
semoga,10
pendampingan,10
kekurangan,10
situ,10
mencakup,10
harapkan,10
berkelanjutan,10
hati,10
belakang,10
prima,10
ditempatkan,10
teknik,10
motivasi,10
mitra,10
peningkatan,10
karakter,10
adp,10
modus,10
zabadi,10
acd,10
krusial,9
daring,9
penipuan,9
kabupaten,9
julo,9
kabar,9
melewati,9
melibatkan,9
beradaptasi,9
direksi,9
sadewa,9
rubber,9
motor,9
komunitas,9
terlebih,9
beredar,9
diterima,9
yudhi,9
dimulai,9
pas,9
menargetkan,9
hasilnya,9
hee,9
singapura,9
nantinya,9
rentang,9
marthin,9
pendanaan,9
lrt,9
list,9
ambil,9
puas,9
tindakan,9
pencari,9
bertahan,9
min,9
negatif,9
hampir,9
persetujuan,9
so,9
takluk,9
talenta,9
australia,9
agresif,9
barki,9
permintaan,9
banget,9
prosesnya,9
perempat,9
pergerakan,9
mengajukan,9
tujuh,9
terbaru,9
p,9
minimal,9
integritas,9
internal,9
memperbaiki,9
penerbangan,9
instrumen,9
beroperasi,9
resources,9
na,9
demi,9
perintah,9
pelanggan,9
ha,9
fokusnya,9
biaya,9
tonton,9
ipo,9
victor,9
visaya,9
pikiran,9
menjadikan,9
edisi,9
domestik,9
larangan,9
pihaknya,9
rilis,9
risiko,9
isu,9
debut,9
dekat,9
segmen,9
merasakan,9
diikuti,9
berpotensi,9
gabungan,9
sumatra,9
travel,9
diketahui,9
kompetitif,9
terdiri,9
menjauh,9
pernyataan,9
berencana,9
butuh,9
sarasehan,9
pengolahan,9
jenderal,9
keselamatan,9
pastinya,9
patton,9
fundamental,9
beban,9
tren,9
wiryawan,9
praktik,9
yogyakarta,9
ali,9
yan,9
menyelesaikan,9
penundaan,9
zona,9
azuma,8
mentor,8
adnan,8
kapasitas,8
berlanjut,8
consumer,8
transformasi,8
bintara,8
surabaya,8
point,8
mengawali,8
bgn,8
mall,8
tambah,8
menghentikan,8
swasta,8
bilateral,8
habis,8
rancangan,8
pelajaran,8
mengambil,8
gicquel,8
pelaporan,8
kepentingan,8
peringatan,8
cari,8
menembus,8
ketiganya,8
bicara,8
pupuk,8
puncak,8
fase,8
tan,8
shenzhen,8
kelola,8
lai,8
persyaratan,8
pembagian,8
mendulang,8
perdana,8
raw,8
hasan,8
harganya,8
blok,8
mencatatkan,8
of,8
aku,8
bergantung,8
mengubah,8
amanah,8
aman,8
listrik,8
pertarungan,8
lin,8
marwan,8
market,8
bertambah,8
setara,8
huei,8
sesuatu,8
id,8
servis,8
thailand,8
tetapkan,8
berusia,8
tepat,8
berat,8
usahanya,8
kejar,8
agak,8
penduduk,8
mempersiapkan,8
apakah,8
demutualisasi,8
detiksport,8
boleh,8
pengaturan,8
mineral,8
ketidakpastian,8
pranata,8
alih,8
eds,8
berakhir,8
keberhasilan,8
keenam,8
seiring,8
depok,8
denmark,8
berbagi,8
memberi,8
batu,8
segi,8
jafar,8
membayar,8
pertimbangan,8
jangan,8
berkontribusi,8
bunga,8
alexander,8
alcaraz,8
mainnya,8
jeda,8
jht,8
jhe,8
mekanisme,8
asii,8
mobilitas,8
pengunjung,8
kadang,8
penjaminan,8
kssk,8
adaptasi,8
yakin,8
year,8
cup,8
luo,8
berfokus,8
penumpang,8
zapp,8
lokasi,7
petani,7
mudahan,7
koordinasi,7
salazar,7
core,7
msci,7
academy,7
berprestasi,7
bdp,7
menghasilkan,7
menggantikan,7
lengkap,7
rti,7
besok,7
kontribusi,7
alias,7
swayasa,7
porsi,7
akane,7
fip,7
mengelola,7
suatu,7
bulu,7
delrue,7
wang,7
wartawan,7
terminal,7
diterapkan,7
diterbitkan,7
tersedia,7
sana,7
mitratel,7
kemungkinan,7
rampung,7
dikalahkan,7
syahira,7
cas,7
tuan,7
sebagian,7
berapa,7
layak,7
jangka,7
pengeluaran,7
banten,7
disetor,7
sari,7
memasang,7
perhatian,7
felisha,7
and,7
podcast,7
sleman,7
solid,7
solikin,7
solusi,7
meredam,7
direktorat,7
jajaran,7
terdapat,7
optimistis,7
berkualitas,7
penyediaan,7
keadaan,7
membeli,7
tumpuan,7
persero,7
kwinnara,7
faktor,7
fang,7
pembelian,7
sejauh,7
sekretariat,7
sekretaris,7
aquila,7
cicilan,7
kecil,7
perorangan,7
kondisinya,7
price,7
agung,7
ahi,7
nastine,7
dinilai,7
alam,7
luas,7
kucing,7
rekening,7
rekomendasi,7
bisnisnya,7
penerimaan,7
inilah,7
menyediakan,7
kpmm,7
desember,7
business,7
recovery,7
harian,7
bergengsi,7
dini,7
makanya,7
makin,7
apalagi,7
devin,7
memikirkan,7
kelima,7
hijau,7
mencerminkan,7
siang,7
panggung,7
erwin,7
mengucapkan,7
tenaga,7
aida,7
ling,7
pertamina,7
tegasnya,7
telak,7
kim,7
tenang,7
dibutuhkan,7
universitas,7
implementasi,7
dibanding,7
memperebutkan,7
peraih,7
banyaknya,7
padel,7
meida,7
lantaran,7
milik,7
kelayakan,7
bp,7
bpi,7
bpkb,7
hong,7
elektronik,7
thomas,7
sengit,7
seo,7
serupa,7
ibu,7
permenaker,7
menjanjikan,7
terbaiknya,7
aliran,7
menjawab,7
salim,7
salsabila,7
artinya,7
memaksakan,7
ditargetkan,7
bakrie,7
supply,7
mandat,7
dilantik,7
dimaksud,7
wellness,7
cost,6
dampak,6
wei,6
diskusi,6
korporasi,6
dim,6
fta,6
perjuangan,6
manajer,6
location,6
kusharjanto,6
kanada,6
bakat,6
bertekad,6
bahan,6
bektas,6
omzet,6
olimpiade,6
oldorff,6
buka,6
budiman,6
by,6
eksekutif,6
terangnya,6
klasemen,6
kira,6
permodalan,6
hut,6
hunian,6
menangani,6
ilegal,6
thinaah,6
seusai,6
setelahnya,6
perawatan,6
reli,6
resminya,6
materi,6
menyerah,6
the,6
berupaya,6
beruntung,6
maulana,6
diambil,6
dibilang,6
ulang,6
pandit,6
naufal,6
edwin,6
menikmati,6
mengurangi,6
pak,6
teman,6
emanuelle,6
pandemi,6
eselon,6
nyaman,6
sidang,6
pemeriksaan,6
utamanya,6
usulan,6
vietnam,6
menjangkau,6
sepekan,6
pendidikan,6
pendekatan,6
mempersembahkan,6
berkomunikasi,6
apabila,6
detikcom,6
bersyukur,6
lantas,6
efisien,6
puluhan,6
pulang,6
faathir,6
tanggung,6
sini,6
hasanuddin,6
sifatnya,6
cair,6
bnbr,6
wahyudi,6
vladimir,6
desil,6
pp,6
power,6
pratama,6
prasetyo,6
pengadaan,6
penerbitan,6
penerapan,6
capaian,6
side,6
kemudahan,6
kempinski,6
ahmad,6
didukung,6
disapa,6
perpres,6
donor,6
klub,6
riil,6
batik,6
sejarah,6
didorong,6
pembentukan,6
nuklir,6
menyudahi,6
tangga,6
tawaran,6
tarif,6
dilanjutkan,6
kutus,6
pembahasan,6
pengguna,6
memenuhi,6
memegang,6
ditujukan,6
ditopang,6
iya,6
rincian,6
diraih,6
berikut,6
hampers,6
perchicot,6
rayhan,6
ratio,6
menyoroti,6
tok,6
transportasi,6
struktur,6
rasa,6
kendari,6
sore,6
smi,6
lilin,6
papua,6
pelatihan,6
kerakyatan,6
kepemimpinannya,6
perhubungan,6
maret,6
pemanfaatan,6
bentuk,6
mesti,6
jing,6
menyeluruh,6
jabatan,6
pengelolaan,6
pengawas,6
area,6
penggunaan,6
tuhan,6
akibat,6
stasiun,6
diingatkan,6
tunai,6
ajakan,6
ramadhani,6
rali,6
bin,6
anderson,6
juhro,6
sambungnya,6
optimal,6
belakangan,6
cocok,6
sayang,6
gimana,6
gorontalo,6
tahunan,6
tae,6
permasalahan,6
ragu,6
fiskal,6
gampang,6
sultan,6
pejabat,6
peha,6
mengatur,6
cenderung,6
berturut,6
malah,6
diselenggarakan,6
konsumsi,6
konsumen,6
rossi,6
kareem,6
johari,6
finansial,6
menggelar,6
ma,6
xu,6
cuan,6
wisnu,6
zhi,6
dagang,6
widjaja,6
corporate,6
kaget,6
adam,6
long,6
rusal,6
korban,5
ye,5
court,5
wong,5
won,5
momen,5
kotor,5
bea,5
bdr,5
fund,5
fukushima,5
mengetahui,5
mengeluarkan,5
ditarik,5
online,5
menyalurkan,5
jones,5
sam,5
pokok,5
berubah,5
dilaksanakan,5
liburan,5
bertanggung,5
legenda,5
ban,5
mkpi,5
adk,5
julie,5
disiplin,5
disingkirkan,5
prakasa,5
konsep,5
kas,5
sayangnya,5
r,5
foto,5
populer,5
pontianak,5
mengakhiri,5
pecah,5
jerman,5
membaik,5
mematahkan,5
sapaan,5
oke,5
term,5
terendah,5
diundang,5
diukur,5
definitif,5
collection,5
berangkat,5
championships,5
finalisasi,5
pasokan,5
amnesty,5
rangka,5
dihitung,5
turki,5
jatuh,5
kdkmp,5
kasus,5
melainkan,5
ariantho,5
beralamat,5
pidatonya,5
wajar,5
jamil,5
seberapa,5
kenapa,5
gizi,5
suasana,5
suara,5
grade,5
rm,5
alex,5
mahkamah,5
pengen,5
pengembalian,5
terima,5
terganggu,5
optimalisasi,5
iv,5
berpasangan,5
pasang,5
gor,5
warjiyo,5
membukukan,5
diturunkan,5
diungkapkan,5
terjangkau,5
profesional,5
betul,5
ciara,5
cianjur,5
april,5
apresiasi,5
investment,5
sekadar,5
meskipun,5
nikel,5
nicole,5
akrab,5
statistik,5
suami,5
maju,5
diadakan,5
pengajuan,5
kebersihan,5
kedelapan,5
tercermin,5
alumina,5
menyebabkan,5
dow,5
menkeu,5
intensif,5
integrasi,5
todotua,5
mengirim,5
mengingat,5
gratis,5
castillo,5
cash,5
beriringan,5
atmosfer,5
apex,5
mati,5
lanny,5
pim,5
nabila,5
kehidupan,5
menjuarai,5
pergelangan,5
spanyol,5
sorotan,5
hak,5
audit,5
pungkas,5
terbendung,5
dugaan,5
promises,5
ines,5
memperhatikan,5
diatur,5
diarahkan,5
dianggap,5
diandalkan,5
dialokasikan,5
urutan,5
dibanderol,5
berbicara,5
bye,5
tiebreak,5
fathimah,5
cermat,5
persnya,5
persiapannya,5
bbm,5
menekankan,5
diperlukan,5
tiyasan,5
klaten,5
impresif,5
impor,5
serba,5
skuad,5
sk,5
guzman,5
mas,5
ratusan,5
kemenkop,5
tegang,5
kualifikasi,5
posisinya,5
portofolio,5
antaranya,5
senang,5
individu,5
pendalaman,5
tender,5
terasa,5
lucia,5
tipis,5
kewenangan,5
auto,5
mendadak,5
mikro,5
meyakinkan,5
mewujudkan,5
beli,5
belanja,5
mempertemukan,5
memungkinkan,5
penampilan,5
aktif,5
tindak,5
bergizi,5
mengoptimalkan,5
f,5
tangkis,5
harmonisasi,5
anggito,5
pembukaan,5
livin,5
liter,5
naraoka,5
ukuran,5
antonius,5
terang,5
tenis,5
regulasi,5
berkala,5
pemda,5
candle,5
cahya,5
rekan,5
paman,5
obligasi,5
perbedaan,5
makroprudensial,5
pagu,5
chinese,5
hrp,5
ega,5
khawatir,5
keterlibatan,5
lanier,5
ucap,5
air,5
reguler,5
ergy,5
nusantara,5
nur,5
siapapun,5
sheet,5
mendarat,5
london,5
maaf,5
disusun,5
bersamaan,5
rute,5
penunjang,5
pentingnya,5
melebarkan,5
munggaran,5
muncul,5
kaqi,5
yasemen,4
rudy,4
perwakilan,4
abdul,4
melayani,4
yuki,4
kapal,4
kalender,4
kalimantan,4
kalinya,4
pet,4
pgn,4
cbre,4
frekuensi,4
keringanan,4
kesepakatan,4
mulus,4
kamadana,4
ditanya,4
menyadari,4
menurunkan,4
memaksimalkan,4
pengusaha,4
asean,4
junior,4
arti,4
kabinet,4
buana,4
ho,4
seterusnya,4
lanjutnya,4
lanjutan,4
kil,4
enggan,4
end,4
emisi,4
lintas,4
ugm,4
regulator,4
panik,4
panglima,4
nyata,4
nyaris,4
nusaperkasa,4
campus,4
cakra,4
regional,4
kemenkeu,4
rehat,4
kemajuan,4
mengundang,4
mengumumkan,4
dingin,4
matang,4
sewa,4
eksplorasi,4
tembus,4
pakai,4
elite,4
seung,4
baron,4
amalia,4
sisa,4
hasanah,4
singkat,4
pembukuan,4
keikutsertaan,4
relevan,4
undian,4
dibenahi,4
pilot,4
rendah,4
pencairan,4
penarikan,4
setahun,4
mataram,4
uangnya,4
ntp,4
menduduki,4
mendesak,4
klaim,4
kisaran,4
bangli,4
bandung,4
permata,4
igo,4
ida,4
menaklukkan,4
memuncaki,4
service,4
seru,4
serius,4
mendalam,4
etf,4
pundi,4
mengimbangi,4
imam,4
senilai,4
indhira,4
mempercepat,4
pendaratan,4
penciptaan,4
pencatatan,4
ren,4
kejutan,4
timbul,4
titel,4
belanda,4
mendekati,4
menekan,4
ataupun,4
ratifikasi,4
dipercaya,4
dipindahkan,4
besarnya,4
besaran,4
bara,4
peran,4
peralihan,4
matthieu,4
matsumoto,4
imbang,4
master,4
bogor,4
berkomitmen,4
sell,4
dibahas,4
agam,4
afiliasi,4
berbasis,4
impian,4
c,4
indo,4
tie,4
tancap,4
takut,4
trading,4
pmi,4
pk,4
persoalan,4
perempuan,4
berhenti,4
menentukan,4
gunung,4
hadiah,4
ujian,4
didi,4
tower,4
diminta,4
menindaklanjuti,4
terbit,4
dominasi,4
dwicahaya,4
padatnya,4
padat,4
menjabat,4
pariwisata,4
awalnya,4
srbi,4
manunggal,4
perhelatan,4
mari,4
pimpinan,4
nagari,4
myoh,4
deuce,4
rezeki,4
revisi,4
lowongan,4
lot,4
individual,4
kendali,4
aluminium,4
postur,4
praktis,4
double,4
alot,4
insiden,4
selisih,4
penerima,4
arbitrage,4
arah,4
international,4
intens,4
inovasi,4
aplikasi,4
dimanfaatkan,4
toko,4
cirebon,4
ciputra,4
tujuannya,4
ngobrol,4
nih,4
trade,4
menyingkirkan,4
tpia,4
major,4
minyak,4
mingguan,4
value,4
dharmasraya,4
visi,4
mayu,4
terbukti,4
venue,4
istirahat,4
memenangkan,4
bauksit,4
dki,4
terkejut,4
maharani,4
profesi,4
produsen,4
produktivitas,4
komisaris,4
rights,4
membuatnya,4
sekuritas,4
basic,4
memetik,4
berpengaruh,4
berpeluang,4
berpartisipasi,4
t,4
analisis,4
fgd,4
tambang,4
pelan,4
pelaksanaannya,4
pelaksana,4
berpikir,4
no,4
merger,4
warga,4
derivatif,4
verifikasi,4
jabatannya,4
membalikkan,4
terjaga,4
terintegrasi,4
tergantung,4
terdekat,4
issue,4
sederhana,4
itulah,4
italia,4
riset,4
kecewa,4
kecepatan,4
kecamatan,4
sehubungan,4
buruh,4
ramai,4
ramah,4
kendala,4
andalan,4
subsidi,4
suku,4
awak,4
ang,4
center,4
jae,4
diperoleh,4
direncanakan,4
dirancang,4
dipelajari,4
konferensi,4
pers,4
terkoreksi,4
disiarkan,4
pengelola,4
membela,4
membedakan,4
membebani,4
beragam,4
pidato,4
piala,4
phk,4
lancar,4
jalankan,4
kebugaran,4
roda,4
merencanakan,4
logistik,4
chan,4
menghapus,4
pasok,4
pasaribu,4
filipina,4
trismuwantara,4
ketemu,4
ketahanan,4
pengetahuan,4
pengendali,4
kdmp,4
penyelenggaraan,4
berkoordinasi,4
melaksanakan,4
adik,4
ditaklukkan,4
membahas,4
membagi,4
pengumuman,4
sarjito,4
opsi,4
menundukkan,4
menunda,4
dipertandingkan,4
walau,4
comeback,4
delphine,4
wakilnya,4
berani,4
sebaik,4
se,4
rantai,4
bulannya,4
kertas,4
format,4
formal,4
cek,4
suliki,4
mengawasi,4
sukarela,4
suka,4
binpres,4
perluasan,4
sawit,4
sebut,4
sebulan,4
satgas,4
jkp,4
league,4
mock,4
melengkapi,4
disetujui,4
tertekan,4
pro,4
ditandatangani,4
ditambah,4
jual,4
joy,4
saudari,4
saudara,4
satuan,4
asri,4
rumbai,4
job,4
brothers,4
perlindungan,4
manfaatnya,4
polanya,4
dikembalikan,4
sungai,4
sumpah,4
sumatera,4
ceper,4
susah,4
survei,4
malam,4
kanal,4
bakar,4
bersifat,4
peru,4
miskin,4
murah,4
covid,4
young,4
cukai,4
berlebihan,4
saidu,4
wmt,4
modern,4
rutin,4
perumda,4
tersisa,4
terlihat,4
transfer,4
dimainkan,4
bebas,4
pemilik,4
pemulihan,4
hilirisasi,4
shetty,4
keluarkan,4
pilar,4
pembicaraan,4
kandang,4
koperindo,4
koordinator,4
luring,4
terpenting,4
disusul,4
kabid,4
dahulu,4
administrasi,4
aarjun,3
muhamad,3
dasarnya,3
darurat,3
misi,3
misbakhun,3
misalkan,3
lengah,3
bertarung,3
lembar,3
lemah,3
lebar,3
balai,3
musuh,3
mix,3
wedding,3
defisit,3
walaupun,3
artikel,3
kado,3
berlaga,3
penjajakan,3
penilaian,3
kapita,3
rully,3
break,3
kapan,3
kapabilitas,3
berlatih,3
saing,3
sadewata,3
sadar,3
rutinitas,3
kanan,3
sarana,3
sapa,3
sangka,3
ju,3
ron,3
kariernya,3
karibnya,3
karib,3
karbon,3
karangtengah,3
budiarto,3
sampaikan,3
memaksa,3
meloloskan,3
jutaan,3
artisan,3
jarang,3
pengganti,3
membenahi,3
keamanan,3
penyelesaian,3
berkurang,3
melampaui,3
jembatan,3
sbn,3
sayaka,3
sebuah,3
sebetulnya,3
jenis,3
penghargaan,3
pengumpulan,3
pengujian,3
membiarkan,3
seeded,3
aromaterapi,3
ritel,3
ringgit,3
rinciannya,3
rinci,3
rka,3
riwayat,3
jaga,3
armada,3
pengenaan,3
membandingkan,3
ari,3
bukti,3
buyback,3
mempengaruhi,3
inti,3
basis,3
pengambilan,3
medis,3
maximus,3
penyisihan,3
penyempurnaan,3
keberlanjutan,3
rijal,3
richard,3
sekitarnya,3
selangkah,3
buru,3
memengaruhi,3
bau,3
mempelajari,3
cadangan,3
semata,3
semaksimal,3
apbn,3
apapun,3
bonolo,3
bola,3
return,3
material,3
bernilai,3
mei,3
pengaduan,3
inggris,3
ingat,3
insyaallah,3
antarnegara,3
indikator,3
index,3
independen,3
rencananya,3
reminder,3
bareng,3
bapak,3
income,3
cabor,3
semula,3
sepenuhnya,3
informatif,3
inflation,3
cadev,3
mempertandingkan,3
penambahan,3
berjumpa,3
kelemahan,3
relatif,3
memutus,3
iasc,3
ialah,3
hyuk,3
hung,3
hubud,3
sesi,3
ideal,3
memproses,3
mempertegas,3
menanggapi,3
mempunyai,3
berjuang,3
menatap,3
menantang,3
hitam,3
higher,3
hendrik,3
hendra,3
hidupnya,3
kelurahan,3
masuknya,3
perbatasan,3
perbaiki,3
hobi,3
hobara,3
setidaknya,3
penandatanganan,3
hatta,3
berkaitan,3
signifikan,3
sigit,3
hernawan,3
region,3
bloomberg,3
kembalinya,3
kematangan,3
rea,3
hiburan,3
siapkan,3
shuttlecock,3
short,3
pemerintahannya,3
mencetak,3
mendominasi,3
skema,3
skala,3
hangat,3
perchiot,3
masukan,3
rating,3
kemitraan,3
sisanya,3
hartono,3
harinya,3
single,3
sinergitas,3
hemat,3
hedging,3
head,3
spesifik,3
mengabaikan,3
menerbitkan,3
berita,3
rate,3
kenyamanan,3
peresmian,3
perebutan,3
spesial,3
sonmez,3
hadapi,3
hadapan,3
soekarno,3
hakim,3
bawa,3
berikan,3
gonzalez,3
gonzales,3
goh,3
kerajinan,3
keperluan,3
kepastian,3
pergi,3
pemantauan,3
pemahaman,3
statis,3
carlos,3
career,3
suadesa,3
stadionnya,3
guna,3
gulung,3
gempuran,3
gelaran,3
ceo,3
centre,3
celah,3
gautam,3
gatf,3
gangguan,3
ramos,3
binding,3
mengandalkan,3
gini,3
geopolitik,3
straight,3
goyah,3
google,3
funding,3
ftse,3
friderica,3
bebernya,3
kesepahaman,3
permainannya,3
perizinan,3
management,3
mengapresiasi,3
surakarta,3
cdm,3
pebisnis,3
pearly,3
mengarah,3
sudaryono,3
generasi,3
menggerakkan,3
anabul,3
amman,3
syarat,3
feronikel,3
raih,3
ragam,3
keterbukaan,3
ketenagakerjaan,3
kestabilan,3
kerjasama,3
focus,3
for,3
food,3
fondasi,3
beasiswa,3
mengirimkan,3
mengingatkan,3
biar,3
maixnerova,3
berpendapatan,3
maluku,3
tajam,3
ancaman,3
festival,3
fest,3
feel,3
fintech,3
finlandia,3
menggandeng,3
mengharapkan,3
pasifik,3
tanyadetikfinance,3
ever,3
eurasian,3
tangki,3
eurasia,3
kg,3
bila,3
bijih,3
puspita,3
paparnya,3
tanah,3
challenge,3
chain,3
cerdik,3
fawzi,3
pasal,3
chief,3
eido,3
pulau,3
puji,3
kiki,3
khoirunas,3
ketersediaan,3
keterjangkauan,3
mengontrol,3
emre,3
panas,3
pameran,3
papar,3
papan,3
berhadapan,3
berganti,3
ekor,3
teratas,3
kkb,3
kiprahnya,3
bangga,3
maksudnya,3
ekspektasi,3
berhak,3
berhadiah,3
menimbulkan,3
mengumpulkan,3
temanya,3
telur,3
telkom,3
teliti,3
eksternal,3
eaeu,3
dwt,3
durasi,3
padahal,3
menjamin,3
menjajaki,3
kolaborasi,3
kok,3
kode,3
kodai,3
puan,3
prospektus,3
ter,3
tenor,3
tenggara,3
eksekusi,3
terdampak,3
tercipta,3
terburu,3
diubah,3
magobox,3
maggot,3
profitabilitas,3
back,3
komitmennya,3
properti,3
overview,3
out,3
otomatis,3
meningkatnya,3
terberat,3
duduk,3
ternama,3
terendahnya,3
diumumkan,3
berdua,3
berdiskusi,3
berdekatan,3
prinsip,3
konektivitas,3
perputaran,3
mainaky,3
mahasiswa,3
ditunjukkan,3
ditunggu,3
terhubung,3
tergabung,3
terdiversifikasi,3
terlibat,3
ditantang,3
ditangkap,3
ditangani,3
bekal,3
menurun,3
lumayan,3
lukman,3
komposit,3
komposisi,3
konsolidasi,3
kong,3
prf,3
ditentukan,3
ditekan,3
ditawarkan,3
disepakati,3
disebut,3
discussion,3
discovery,3
disclaimer,3
tertuang,3
alhasil,3
konversi,3
macpherson,3
menuntut,3
menuntaskan,3
menunjuk,3
bergabung,3
terpengaruh,3
terpecah,3
tersendiri,3
menyerang,3
menyentuh,3
officer,3
longer,3
ppp,3
potensial,3
kpr,3
menyelenggarakan,3
dirasakan,3
diproyeksikan,3
diprediksi,3
tes,3
disalurkan,3
dirilis,3
oh,3
disesuaikan,3
torrance,3
dinamika,3
dimungkinkan,3
dimiliki,3
transparan,3
kuartal,3
pos,3
loan,3
live,3
lui,3
dinyatakan,3
mepet,3
tikar,3
thom,3
dipertanggungjawabkan,3
menyangkut,3
meraup,3
merata,3
nota,3
dijamin,3
dijaga,3
dikenakan,3
portfolio,3
berterima,3
kpk,3
kuliner,3
kuda,3
transaction,3
dilihat,3
dilansir,3
menyisakan,3
menyimpan,3
ajaib,3
dikejar,3
nonsubsidi,3
merinci,3
merespons,3
merespon,3
merek,3
persentase,3
local,3
pondok,3
polytron,3
kutipan,3
kurs,3
kur,3
merayakan,3
merawat,3
nasdaq,3
difokuskan,3
diesel,3
lainer,3
kw,3
persidangan,3
tumbuhnya,3
cng,3
cm,3
clear,3
dihadapi,3
bepergian,3
tubuh,3
trisna,3
dihadiri,3
tunda,3
minahasa,3
universal,3
union,3
agreement,3
dibawahi,3
dibawa,3
langkahnya,3
pertahankan,3
line,3
limit,3
liliyana,3
didampingi,3
ubah,3
natsir,3
mikaela,3
mewaspadai,3
venkatraman,3
uu,3
dewi,3
dewasa,3
lambat,3
bertahun,3
bertahap,3
berstatus,3
pikirannya,3
pintar,3
pindah,3
detikevent,3
dialami,3
namanya,3
nakamura,3
berbelanja,3
dembo,3
wajib,3
pic,3
phapros,3
bandara,3
lct,3
larut,3
laporkan,3
voli,3
depannya,3
volatile,3
vitidsarn,3
warna,3
dermaga,3
berbahaya,3
berdampak,3
mulia,3
yusuf,3
yna,3
adhitama,3
petra,3
pesan,3
lepas,3
wita,3
zavier,3
da,3
musiman,3
musim,3
muralitharan,3
widyasari,3
wheel,3
darat,3
kantong,3
runway,3
penyaluran,3
penyalahgunaan,3
penurunan,3
melani,3
acuan,3
yildiz,3
yen,3
costa,3
york,3
currency,3
yamaguchi,3
multievent,3
multi,3
muliadi,3
working,2
xin,2
damai,2
dampaknya,2
dapatkan,2
daripada,2
widianto,2
dafest,2
model,2
modular,2
money,2
adna,2
darmi,2
datanya,2
date,2
datuk,2
landas,2
latihannya,2
balikpapan,2
leading,2
lega,2
lekang,2
lekas,2
laporannya,2
pertimbangannya,2
pertokoan,2
perumahan,2
bersiap,2
berskala,2
lestari,2
liementha,2
likuid,2
pmhmetd,2
pmthmetd,2
podium,2
limited,2
lintang,2
lintasan,2
pertambangan,2
pertengahan,2
lanka,2
pin,2
pindar,2
pintu,2
pip,2
pikirin,2
bersubsidi,2
bersumpah,2
baiknya,2
popov,2
berulang,2
kunlavut,2
kuota,2
pokoknya,2
polri,2
logam,2
persatuan,2
persen,2
likuiditasnya,2
lahan,2
laman,2
plafon,2
platform,2
platinum,2
kritis,2
pound,2
pr,2
prajurit,2
prakarsa,2
lovers,2
literasi,2
lng,2
ktt,2
kualat,2
kuasa,2
kuei,2
kumulatif,2
bahlil,2
kunjungan,2
kunjungi,2
prestisius,2
konteks,2
komplek,2
komponen,2
persahabatan,2
lulus,2
lumpuh,2
maas,2
macau,2
kontributor,2
kontrol,2
kopdes,2
kopi,2
pratiwi,2
kreditor,2
krisis,2
property,2
kombinasi,2
badannya,2
produktif,2
profil,2
madya,2
perolehan,2
perpindahan,2
kondusif,2
konfirmasi,2
pricing,2
prime,2
ayu,2
ayush,2
beserta,2
pre,2
kicklitz,2
kidal,2
kilometer,2
kimia,2
makmur,2
maksimum,2
bangun,2
mada,2
proposisi,2
klaster,2
prosedur,2
protes,2
kolaric,2
programnya,2
promo,2
proper,2
qi,2
qr,2
ragil,2
ragunan,2
rahmawati,2
berperan,2
berpidato,2
ketidakstabilan,2
automotive,2
puncaknya,2
pureco,2
putar,2
keunggulannya,2
ketertinggalan,2
public,2
kian,2
rakuten,2
rally,2
ramadhanti,2
manageable,2
mandirian,2
perkara,2
perkiraan,2
perlambatan,2
perlawan,2
raihan,2
raker,2
raket,2
bintang,2
birmingham,2
kesalahannya,2
q,2
rasmus,2
athena,2
atletnya,2
mantan,2
manufaktur,2
maraton,2
margin,2
perguruan,2
perilaku,2
raphael,2
rapi,2
kepatutan,2
kepemimpinan,2
kepulauan,2
kencang,2
bingung,2
real,2
regenerasi,2
boeing,2
boga,2
kemenpora,2
kemnaker,2
atrium,2
ratu,2
masif,2
maskapai,2
masukkan,2
manis,2
kendati,2
kenyataannya,2
rasakan,2
rasanya,2
kekayaan,2
kehumasan,2
keikutsertaannya,2
keinginan,2
barunya,2
percakapan,2
bermotor,2
bermula,2
marketing,2
regulatory,2
kelogistikan,2
kelolosan,2
rekannya,2
kembalikan,2
kemenangannya,2
bliss,2
bos,2
boulevard,2
review,2
matthias,2
peradilan,2
perancis,2
perangkat,2
kejaksaan,2
kejaran,2
rencanakan,2
renovasi,2
reorganisasi,2
repower,2
repricing,2
reptil,2
relations,2
rin,2
rio,2
ribet,2
rika,2
kegagalannya,2
kegigihan,2
kebersamaan,2
mayoritas,2
medalinya,2
megah,2
materials,2
mathias,2
responden,2
respons,2
retired,2
bonds,2
asosiasi,2
aspirasi,2
astra,2
penyedia,2
meja,2
meladeni,2
melahirkan,2
penyelenggaraannya,2
ritme,2
kazakhstan,2
kazan,2
kebaikan,2
kebanyakan,2
roa,2
kebiasaan,2
kebingungan,2
saluran,2
kamboja,2
kamu,2
ryan,2
sahabat,2
penyajian,2
rush,2
kantornya,2
brazil,2
karakteristik,2
karan,2
karantina,2
rumor,2
karenanya,2
karet,2
karirnya,2
budidaya,2
jumlahnya,2
jutanya,2
ka,2
asa,2
sambung,2
melimpah,2
meliputi,2
melts,2
peninjauan,2
penjatahan,2
penopang,2
kadek,2
kaitannya,2
kalangan,2
saldo,2
juaranya,2
sandi,2
sang,2
santoso,2
saraswati,2
pengurangan,2
melupakan,2
memakai,2
memakan,2
memaknai,2
memantau,2
melepas,2
melesat,2
sampoerna,2
bu,2
budaya,2
jejak,2
jelang,2
jaraknya,2
penghasilan,2
memasangkan,2
memasarkan,2
mematuhi,2
pengingat,2
pengiriman,2
pengprov,2
jia,2
jiran,2
jiwa,2
joakim,2
satria,2
jtic,2
jangkauan,2
janji,2
buktinya,2
buku,2
sebutnya,2
argentina,2
arif,2
membatalkan,2
membeberkan,2
membelinya,2
pengendalian,2
sebab,2
sebaliknya,2
sebastian,2
screening,2
jawaban,2
seirama,2
sejahtera,2
ix,2
izzuddin,2
j,2
arsitektur,2
sedianya,2
membesut,2
pengembaliannya,2
pengemudi,2
arjun,2
arniel,2
jack,2
jadikan,2
jalanin,2
buyer,2
selaku,2
ishikawa,2
sekalipun,2
sekolah,2
batangan,2
batiknya,2
memburu,2
memeluk,2
membendung,2
membentuk,2
memberdayakan,2
membesarkan,2
istilahnya,2
istimewa,2
bus,2
seharusnya,2
instruksi,2
inginnya,2
inisiatif,2
initial,2
pengalamannya,2
pengalihan,2
pengampu,2
pengampunan,2
memfasilitasi,2
berkesinambungan,2
berkiprah,2
intensitas,2
interest,2
internusa,2
arahan,2
sela,2
semarang,2
sembilan,2
antusias,2
anugerah,2
anyar,2
berkomisi,2
memindahkan,2
meminjam,2
memotivasi,2
mempekerjakan,2
memperbesar,2
seleksi,2
insentif,2
insidentil,2
insight,2
instagram,2
byan,2
cabut,2
in,2
memperhitungkan,2
memperkirakan,2
pendukung,2
penegak,2
penelitian,2
indosari,2
industrialisasi,2
industrials,2
inflow,2
semisal,2
inklusi,2
input,2
semacam,2
sepertinya,2
sepuluh,2
seputar,2
iklim,2
ikuti,2
serentak,2
seruan,2
memuat,2
memungkasi,2
pencapaiannya,2
pencarian,2
indicative,2
indices,2
senjata,2
senyum,2
seorang,2
setinggi,2
sevp,2
anti,2
huggins,2
antonsen,2
penasaran,2
menaikkan,2
menandai,2
mempertimbangkan,2
memproduksi,2
identik,2
ifishdeco,2
igor,2
sesaat,2
sesama,2
sesmenkop,2
shanghai,2
shanker,2
sheets,2
hilir,2
shi,2
shimogami,2
shine,2
pemula,2
menanti,2
menariknya,2
pemutakhiran,2
penajaman,2
penambangan,2
penampilannya,2
setengah,2
setia,2
sifat,2
sikap,2
siklus,2
silam,2
silva,2
silver,2
pemerintahan,2
pemimpin,2
peminat,2
pemindahan,2
pemprov,2
siaran,2
capai,2
hidayatullah,2
heng,2
sewindu,2
pembelajaran,2
pembeli,2
hartarto,2
haruto,2
animal,2
anjing,2
sinyal,2
siti,2
pembenahan,2
mendaftar,2
mendaftarkan,2
mendampingi,2
pembersihan,2
pembuka,2
hawa,2
heisnam,2
smes,2
situs,2
hamil,2
hantaran,2
happy,2
hapus,2
skilling,2
skotlandia,2
sktm,2
mendepak,2
menegakkan,2
meneken,2
bbri,2
bcm,2
pembatasan,2
pembekuan,2
stadion,2
green,2
sosok,2
south,2
sovereign,2
speed,2
menerapkannya,2
berhati,2
beri,2
pemasok,2
bbca,2
slam,2
sma,2
hadi,2
hadirkan,2
halnya,2
caranya,2
stamina,2
stance,2
statusnya,2
sterling,2
peluangnya,2
pemangkasan,2
pemangku,2
mengadakan,2
menemani,2
menempatkan,2
cashback,2
sports,2
sppg,2
sri,2
stabilitasnya,2
sukadana,2
gerakan,2
ghani,2
suci,2
andalannya,2
anders,2
mengalokasikan,2
mengangkat,2
mengantarkan,2
pelajari,2
pelayanan,2
pelemahan,2
goncang,2
grand,2
stok,2
griya,2
gaji,2
sumbermas,2
suntikan,2
mengantarkannya,2
mengantisipasinya,2
mengalihkan,2
gambaran,2
gantian,2
gara,2
gebu,2
andil,2
gejolak,2
gemke,2
gemuk,2
gencar,2
genjot,2
freeport,2
fisiknya,2
fit,2
mengeksplorasi,2
mengembalikan,2
mengemban,2
mengenal,2
mengevaluasi,2
becak,2
pastikan,2
patut,2
ceko,2
susanti,2
furnitur,2
gadai,2
gadjah,2
fei,2
swasembada,2
swf,2
swiss,2
system,2
syukur,2
ammn,2
fimperkasa,2
menghabiskan,2
be,2
bebaskan,2
mengejutkan,2
susenas,2
founder,2
france,2
free,2
sze,2
tahan,2
tahapan,2
take,2
pasalnya,2
menghargai,2
mengharmonisasikan,2
menghubungi,2
mengidentifikasi,2
mengganti,2
menggebu,2
finalkan,2
finance,2
financial,2
firlie,2
chandra,2
farrell,2
tanda,2
tandas,2
tangani,2
tangerang,2
pardalis,2
mengimplementasikan,2
menginginkan,2
mengomentari,2
park,2
partner,2
fazli,2
cerita,2
champion,2
taktis,2
ferry,2
ambisinya,2
amit,2
telecom,2
menguasai,2
bergilir,2
erat,2
eropa,2
estetika,2
amanat,2
ambisi,2
emerging,2
euro,2
exchange,2
targetnya,2
era,2
fadia,2
eloi,2
emasnya,2
telepon,2
mengukuhkan,2
mengukur,2
mengulangi,2
mengundurkan,2
pakar,2
paket,2
panca,2
pandangan,2
emosi,2
enak,2
energinya,2
entah,2
episode,2
eks,2
tenant,2
tensi,2
pajaknya,2
pakaian,2
mengurus,2
mengusulkan,2
mengutamakan,2
berharga,2
tempatnya,2
temukan,2
eksklusif,2
chf,2
edukasi,2
telekomunikasi,2
eksportir,2
terbarukan,2
ciputat,2
dpk,2
terbatas,2
alokasi,2
owner,2
oz,2
pabrik,2
pacu,2
e,2
ebitda,2
edge,2
edi,2
terbaca,2
terbagi,2
ekonominya,2
ditunda,2
donny,2
dony,2
dorong,2
tercantum,2
optimisme,2
menjatuhkan,2
menopang,2
otp,2
ottawa,2
christiansen,2
christo,2
christophersen,2
cilegon,2
terbang,2
terbanyak,2
terkumpul,2
diteken,2
ditemukan,2
menterinya,2
berdaya,2
berdialog,2
operating,2
terhitung,2
terindikasi,2
diwarnai,2
diwujudkan,2
djbc,2
djp,2
dkk,2
ditingkatkan,2
ditjen,2
disorot,2
disuruh,2
terpantau,2
terpenuhi,2
terpilih,2
terpisah,2
terpuji,2
menunjang,2
menyalip,2
one,2
belah,2
terlepas,2
termotivasi,2
ternak,2
terkena,2
terkendali,2
dipecat,2
terukur,2
test,2
diproses,2
dipersiapkan,2
dipertahankan,2
oknum,2
olehnya,2
omzetnya,2
aldabra,2
alexandra,2
tersaji,2
disebutnya,2
tertarik,2
alat,2
disimpan,2
tips,2
diperbaiki,2
diperiksa,2
time,2
obat,2
offering,2
menyenangkan,2
menyesuaikan,2
menyetarakan,2
menyetujui,2
menyangka,2
dipilih,2
dipimpin,2
dipotong,2
textile,2
tiap,2
tohari,2
tontowi,2
trada,2
menyumbangkan,2
menyusun,2
november,2
nugroho,2
nurhadi,2
dinikmati,2
dipakai,2
dipaksa,2
dipanggil,2
dipasangkan,2
akui,2
akuisisi,2
akun,2
coach,2
dikeluarkan,2
dikenal,2
dilakukannya,2
dijatuhkan,2
dijelasin,2
dijelaskan,2
dijumpai,2
dikabarkan,2
nonteknis,2
nonunggulan,2
normal,2
merancang,2
menyoal,2
dilusi,2
transparansi,2
dijadikan,2
akibatnya,2
troy,2
truk,2
trusted,2
nikmati,2
merepotkan,2
nippon,2
nol,2
dikasih,2
dikatakan,2
dikelola,2
trihanggodo,2
trinitan,2
airlangga,2
co,2
diduplikasi,2
diekspor,2
dievaluasi,2
agri,2
agro,2
agunan,2
ahli,2
negaranya,2
nf,2
benahi,2
metals,2
benturan,2
ngomong,2
cita,2
cnbc,2
diikutinya,2
dibuat,2
unggahan,2
ungkapnya,2
uns,2
nashrul,2
nasib,2
meyakini,2
migas,2
natural,2
ubaidillah,2
ucapnya,2
dicek,2
didaftarkan,2
didegradasi,2
uii,2
ukur,2
v,2
velodrome,2
agresivitas,2
untung,2
uny,2
usah,2
berbalas,2
nan,2
aftech,2
dibagi,2
dibayar,2
dibayarkan,2
aggregator,2
umumnya,2
undangan,2
dibentuk,2
wacana,2
wadah,2
wahab,2
wai,2
berdampingan,2
minera,2
minerals,2
minim,2
minuman,2
berbahan,2
desilnya,2
destinasi,2
detikcourse,2
devisa,2
diajak,2
diakses,2
dayamitra,2
dcii,2
waspada,2
debutan,2
degradasi,2
dekade,2
dekorasi,2
wealth,2
adil,2
mixed,2
mobility,2
mustaqimah,2
mutakhir,2
waktunya,2
warsinggih,2
communication,2
absen,2
abu,2
yulianah,2
mtel,2
muh,2
muka,2
multiajang,2
multiperdana,2
mulyono,2
yap,2
cuaca,2
daerahnya,2
contohnya,2
corpindo,2
wing,2
wisatawan,2
lemindo,2
lendah,2
lengkapnya,2
leopard,2
bersaudara,2
perumusan,2
baku,2
aa,2
zaki,2
yu,2
yuan,2
yuichi,2
yuk,2
cowoknya,2
yazid,2
achmad,2
zulkifli,1
abeywickrama,1
daeng,1
dacosta,1
current,1
curiga,1
cuapan,1
cuannya,1
credit,1
cpn,1
cpin,1
yayasan,1
yasmine,1
yasa,1
yanti,1
yant,1
yakinnya,1
yakinin,1
motif,1
mood,1
monoton,1
momota,1
momennya,1
mojokerto,1
mohon,1
mohammad,1
music,1
murahmanta,1
municipal,1
mundurnya,1
munawar,1
mulanya,1
mukhamad,1
mufakat,1
mutlak,1
mutiara,1
minutes,1
minus,1
minimalnya,1
mineralnya,1
berburu,1
berbisnis,1
beratnya,1
berantakan,1
musyawarah,1
musuhnya,1
mobil,1
mitranya,1
mission,1
miss,1
nakertransgi,1
nakal,1
berbincang,1
berbenturan,1
berbekal,1
berbanding,1
berbakat,1
minat,1
miliknya,1
miliki,1
naikkan,1
naikin,1
nahwah,1
nadine,1
myanmar,1
mutya,1
nationals,1
milih,1
miliaran,1
mikirin,1
mihajlo,1
miguel,1
middle,1
micky,1
mickael,1
mi,1
naphtha,1
napas,1
nantikan,1
nandini,1
nandin,1
namu,1
belilah,1
belarusia,1
ngerawatnya,1
ngebut,1
ngarang,1
ngaglik,1
ng,1
next,1
newdelhi,1
network,1
nesya,1
nerea,1
neraca,1
nekat,1
needs,1
nederlandsche,1
mewakili,1
mewadahi,1
metropolitan,1
metric,1
metode,1
metal,1
mesin,1
merusak,1
merumuskan,1
merujuk,1
merugikan,1
merubah,1
merosot,1
beneran,1
bener,1
belumlah,1
nirgelar,1
merombak,1
meringankan,1
mering,1
meresponnya,1
merepons,1
meremehkan,1
merelakan,1
mereformasi,1
merefleksikan,1
nilainya,1
nikkei,1
niilai,1
nigeria,1
ni,1
benih,1
menyikapi,1
merebak,1
merchant,1
merapatkan,1
merangkum,1
merangkap,1
meramaikan,1
meragukan,1
meraba,1
nothing,1
notam,1
nonsteroid,1
nonoperasional,1
nominalnya,1
nominal,1
nobf,1
nyiakan,1
nyari,1
nyambung,1
nunggu,1
nugini,1
nsaid,1
npwp,1
npl,1
novanya,1
notifikasi,1
menyusul,1
menyusui,1
menyulitkan,1
menyodorkan,1
menyinggung,1
menyilang,1
menyapu,1
menyia,1
menyerukan,1
menyertakan,1
menyergap,1
menyerap,1
menyerahkan,1
menyepakati,1
menyempurnakan,1
menyempatkan,1
ofisial,1
offshore,1
official,1
off,1
object,1
obatan,1
menyabet,1
menutupnya,1
bergandengan,1
berfungsi,1
once,1
onboarding,1
oliver,1
olah,1
olaf,1
okupansi,1
oktavia,1
menyelamatkan,1
menyebutkan,1
menyebarluaskan,1
menyasar,1
menyarankan,1
berebut,1
berdurasi,1
berdiri,1
menumbuhkan,1
menu,1
bela,1
bekti,1
bekas,1
beijing,1
begini,1
before,1
operasionalisasi,1
operasi,1
only,1
ongels,1
ong,1
mentalnya,1
mentah,1
mensupport,1
menonjol,1
menng,1
menkop,1
menjualnya,1
menjelajahi,1
organizer,1
organize,1
organization,1
organisasi,1
organiknya,1
operational,1
operasionalnya,1
bereksperimen,1
menjaring,1
menjaminkan,1
menjadikannya,1
menipiskan,1
meninjau,1
meninggalkan,1
menindak,1
menimpali,1
oziel,1
overburden,1
overall,1
outstanding,1
outlook,1
outdoor,1
otoparts,1
oskaria,1
berharapnya,1
menilik,1
menikung,1
menichella,1
mengutip,1
mengutarakan,1
mengusahakan,1
menguras,1
mengupayakan,1
mengunjungi,1
mengungkap,1
pakan,1
padjadjaran,1
padi,1
pacific,1
pablo,1
bergeraknya,1
bergantian,1
menguatkan,1
mengorbankan,1
mengonversi,1
pandu,1
pandangannya,1
pancoran,1
pam,1
palermo,1
palembang,1
palang,1
mengulang,1
menguji,1
mengudara,1
mengubur,1
mengoleksi,1
mengklaim,1
mengkaji,1
mengisi,1
mengira,1
mengintip,1
menginjak,1
mengingatkannya,1
paparkan,1
pantas,1
pantang,1
panjangnya,1
pangkodau,1
panennya,1
panen,1
bergeser,1
mengiklankan,1
mengikat,1
menghimpun,1
menghilang,1
menghiasi,1
mengharumkan,1
menghadiri,1
pasaran,1
pasangannya,1
pasalnua,1
paruh,1
partisipasi,1
partai,1
parkir,1
parking,1
parity,1
mengemas,1
mengemar,1
mengeluhkan,1
mengedepankan,1
bebannya,1
pasker,1
pascakejadian,1
menggunung,1
menggenggam,1
menggembirakan,1
menggemaskan,1
menggelontorkan,1
menggangu,1
mengganggu,1
menggambarkan,1
menggabungkan,1
mengasah,1
mengarahkan,1
mengapa,1
mengantri,1
mengantisipasi,1
paytren,1
payback,1
pauw,1
paud,1
pati,1
patah,1
pat,1
bedah,1
mengeruk,1
mengerjakan,1
mengembalikannya,1
mengamini,1
mengalir,1
mengakuisisi,1
pegiat,1
pegangan,1
pedoman,1
pedesaan,1
pedalaman,1
pecinta,1
peak,1
pdf,1
pc,1
mengecek,1
mengawalinya,1
mengatasnamakan,1
mengatasinya,1
pelunasan,1
pelti,1
pelindungan,1
pelengkap,1
pelatkot,1
pelat,1
pelantikan,1
pelanggannya,1
pelabuhan,1
pekey,1
mengantar,1
menganggarkan,1
menganggap,1
mengandung,1
mengandaskan,1
menganalisa,1
menentu,1
mengaitkan,1
mengagetkan,1
mengacu,1
meneruskan,1
berjasa,1
berjanji,1
berjangka,1
berinvestasi,1
berinteraksi,1
berintegritas,1
pemasar,1
pemaparan,1
pemanasan,1
pemakaian,1
pemainnya,1
menekuk,1
mendirikan,1
mendiang,1
menderita,1
bbc,1
bba,1
bazaar,1
bayi,1
bayarkan,1
bayarannya,1
bawang,1
bawahnya,1
pembangunannya,1
pemasaran,1
menerangkan,1
menepi,1
mendekat,1
mendedikasikan,1
mendatangi,1
mendambakan,1
mendag,1
mencurigakan,1
mencuri,1
mencontohkan,1
mencintai,1
pemberantasan,1
pembelinya,1
pembekalan,1
pembeda,1
pembaruan,1
menelurkan,1
menelan,1
menawan,1
berkecil,1
berkategori,1
berkat,1
berkapasitas,1
berkali,1
pemenuhannya,1
pemeliharaannya,1
pemeliharaan,1
pembuktian,1
pembukanya,1
pemblokiran,1
pembina,1
pembibitan,1
pemberian,1
pemberi,1
berjenjang,1
berjenis,1
berjenama,1
berjaya,1
menaungi,1
menantikan,1
menangi,1
pemunduran,1
pemotretan,1
pemkab,1
pemilikan,1
pemicu,1
pemetaan,1
mencermati,1
menceritakan,1
mencegah,1
menampilkan,1
menampik,1
menaker,1
menahan,1
menagih,1
menabrak,1
memutar,1
memupus,1
penataan,1
penat,1
penasihat,1
penantian,1
penanaman,1
pemutihan,1
berkabut,1
berjualan,1
memperkenalkan,1
memperkecil,1
memperjualbelikan,1
mempererat,1
pendek,1
pendataan,1
pendapatannya,1
pendaftaran,1
pendaftar,1
pencetak,1
memulainya,1
memproyeksikan,1
memproteksi,1
memprioritaskan,1
memprediksi,1
mempertanyakan,1
memohon,1
memmbuatnya,1
meminimalisir,1
memimin,1
berkompetisi,1
penerangan,1
penentukan,1
penentu,1
penempatannya,1
penelaahan,1
penegakan,1
pendukungnya,1
pendonor,1
memperlebar,1
memperkokoh,1
memperkeruh,1
pengangkutan,1
pengangguran,1
berkombinasi,1
berkolaborasi,1
berkisar,1
berkirim,1
berkesempatan,1
berkesan,1
berkepanjangan,1
berkepala,1
berkeliling,1
memetakan,1
memesan,1
pengandangan,1
pengakuan,1
penetrasi,1
memeriksa,1
memeriahkan,1
membuta,1
membuktikan,1
membuatkan,1
membuahkan,1
membuah,1
memboyong,1
batola,1
baterai,1
batasan,1
batal,1
basri,1
basori,1
pengaturannya,1
pengantar,1
membekali,1
membayangi,1
membawanya,1
membalas,1
pengembangbiakkan,1
pengeluarannya,1
pengelompokan,1
bauran,1
memblokir,1
membintangi,1
membina,1
memberlakukan,1
memberatkan,1
memberantas,1
member,1
membenarkan,1
pengin,1
membaiknya,1
membahu,1
mematuhinya,1
mematikan,1
mematangkan,1
memasukkan,1
memasak,1
pengikutnya,1
penghubung,1
penghitungan,1
penghasil,1
penggerak,1
penggantian,1
pengerjaan,1
membelanjakan,1
melewatkan,1
melelahkan,1
memanjang,1
memangkas,1
memanen,1
memajukan,1
memainkan,1
memadai,1
mem,1
melunasi,1
pengukuran,1
penguasa,1
pengoperasian,1
pengolahannya,1
pengobatan,1
pengkot,1
melanggar,1
melancarkan,1
berlian,1
berlevel,1
pensiun,1
penomoran,1
penjelasan,1
penjaringan,1
penjadwalan,1
penipuannya,1
penindakan,1
melonjak,1
melipatgandakan,1
melintasi,1
melindungi,1
melimpahkan,1
penyegaran,1
berlabel,1
berkutat,1
berkumpul,1
berkonsultasi,1
mekanisasi,1
penyandang,1
penyakitnya,1
penunjukan,1
penugasan,1
pentas,1
melebar,1
melayanisepenuhhati,1
melatih,1
melaporkan,1
melantik,1
medium,1
median,1
medc,1
meadows,1
mdiy,1
mck,1
mayor,1
pepet,1
pepatah,1
penyusunan,1
penyumbang,1
penyulingan,1
penyimpangan,1
penyimpanan,1
penyemangat,1
penyelenggara,1
perannya,1
basel,1
barulah,1
barcelona,1
barangnya,1
bappenas,1
bappebti,1
perang,1
perakitan,1
perak,1
maweru,1
matthew,1
matraman,1
materinya,1
beroperasinya,1
mehrotra,1
maritim,1
berniat,1
bernama,1
berminggu,1
bermasalah,1
bermartabat,1
bermandikan,1
bermakna,1
bermainnya,1
bermai,1
berlipat,1
matematika,1
perbelanjaan,1
perbanas,1
perayaan,1
perawatannya,1
manual,1
mantri,1
mantap,1
manipulasi,1
pergerakannya,1
pergantian,1
performing,1
performances,1
performance,1
perez,1
perekonomiannya,1
masalahnya,1
martin,1
marsekal,1
markus,1
marketnya,1
manager,1
manado,1
berpikiran,1
berpijak,1
peritel,1
period,1
peringkatnya,1
periksa,1
perikanan,1
perhitungan,1
perhatikan,1
pergeseran,1
marcos,1
marak,1
mapping,1
manusia,1
majukan,1
berpesan,1
berperingkat,1
berpengalaman,1
berpedoman,1
berpandangan,1
permain,1
perlengkapan,1
perkumpulan,1
perkapalan,1
perjuangannya,1
perjalanannya,1
manguni,1
mandi,1
mandatnya,1
mananggel,1
maha,1
mads,1
madelynne,1
macro,1
bangunan,1
bangsa,1
bangku,1
bang,1
bandingkan,1
permudah,1
permohonan,1
mal,1
maksud,1
maksimalkan,1
makna,1
majunya,1
lpg,1
lose,1
macet,1
lurah,1
lundgaard,1
lumbung,1
perpanjangan,1
perombakan,1
pernikahan,1
permulaan,1
permukiman,1
bantu,1
banking,1
maio,1
mainkan,1
mainan,1
liputan,1
lipat,1
linkumkm,1
lim,1
persisnya,1
persis,1
persinyalan,1
persiapkan,1
persenan,1
persaingannya,1
logo,1
lme,1
lius,1
lucky,1
luck,1
lq,1
lengkapi,1
liku,1
lika,1
libur,1
liang,1
leste,1
berspekulasi,1
berserta,1
berseloroh,1
berselang,1
perubahannya,1
pertukaran,1
pertukar,1
pertandingannya,1
pertahanan,1
liputannya,1
pgs,1
pfo,1
petroleum,1
petinggi,1
petersburg,1
petenisnya,1
peta,1
pesera,1
pesaing,1
perwira,1
perundingan,1
perundang,1
bersangkutan,1
berproduksilah,1
leong,1
leonard,1
laptop,1
bertambahnya,1
lembayung,1
leluasa,1
legal,1
lebak,1
lea,1
le,1
ldr,1
bambu,1
balqis,1
balita,1
balikkan,1
balas,1
balance,1
baktinya,1
lampu,1
lamanya,1
bertabrakan,1
bersumber,1
bersua,1
berstandar,1
lapang,1
pikir,1
pidana,1
phat,1
banding,1
layaknya,1
laut,1
last,1
larva,1
lar,1
laisa,1
lahadalia,1
label,1
la,1
kuwait,1
pintas,1
pinjam,1
pinggir,1
pinggang,1
pindahin,1
lanjutkan,1
langka,1
langit,1
langgar,1
langganan,1
landasan,1
kursi,1
kurnia,1
kurangi,1
kunlavit,1
bertumpu,1
podiumnya,1
pms,1
pmk,1
plus,1
plc,1
placement,1
piter,1
lam,1
lalat,1
laku,1
laju,1
bertindak,1
bertepatan,1
bertempat,1
bertekanan,1
bertegur,1
kunjungannya,1
kuncinya,1
bahu,1
bahas,1
pongoh,1
politik,1
polisi,1
policy,1
polah,1
kusut,1
kurun,1
korupsi,1
korsel,1
kumpulkan,1
kulon,1
kuliah,1
kubu,1
kuasai,1
ktp,1
positifnya,1
portugal,1
populasi,1
pool,1
bertumbuh,1
bertukar,1
bertujuan,1
bertinggi,1
koper,1
kopdeskel,1
konversikan,1
konvergen,1
konvensional,1
pra,1
ppop,1
pph,1
poverty,1
potongan,1
potensinya,1
posturnya,1
kta,1
krl,1
kresensia,1
kreatif,1
kontrak,1
kontra,1
konstruktif,1
konstitusi,1
konsolidasian,1
konsistensinya,1
konsentrasi,1
konkret,1
prestasinya,1
pressure,1
president,1
present,1
pramuka,1
pramono,1
koridor,1
koreksi,1
komando,1
beyond,1
best,1
ayo,1
ayat,1
probility,1
private,1
prinsipnya,1
primadona,1
pria,1
konflik,1
koneksi,1
komponennya,1
kompleksitas,1
komplain,1
kontribusinya,1
berumur,1
koh,1
kocok,1
klubnya,1
progo,1
profit,1
prof,1
product,1
proceedings,1
bagaimanapun,1
backhand,1
kompensasi,1
kompatriotnya,1
komoditi,1
komite,1
komentar,1
klien,1
klasterku,1
klasifikasi,1
kit,1
kirgizstan,1
kiprah,1
propylene,1
proposition,1
proporsional,1
proporsi,1
propertindo,1
promosi,1
proklamasi,1
progress,1
progres,1
bervariasi,1
kinga,1
king,1
kinerjanya,1
kilokalori,1
kilang,1
kideco,1
pucuk,1
puasa,1
prudent,1
proyeksi,1
provision,1
provider,1
provide,1
prosesi,1
kloning,1
klip,1
khaliqah,1
khalil,1
kewilayahan,1
ketum,1
ketujuhnya,1
ketinggalan,1
bidik,1
bicarakan,1
aura,1
august,1
auditnya,1
audah,1
pulp,1
pulomas,1
pulih,1
pukulannya,1
py,1
putrajati,1
puspitsari,1
purchasing,1
pupus,1
axelsen,1
awasi,1
awam,1
avanti,1
bibit,1
bgtg,1
ketidaknyamanan,1
keteteran,1
ketetapan,1
keterpurukannya,1
ketergantungan,1
ketenangan,1
ketegangan,1
ketatnya,1
ketarangan,1
ketangguhan,1
ketahui,1
kesusahan,1
kesuksesan,1
kesinambungan,1
kesiapannya,1
rafael,1
racikan,1
race,1
raba,1
ra,1
qris,1
kesembilan,1
keseluruhannya,1
kesejahteraannya,1
keseharian,1
kesayangannya,1
kesayangan,1
kesatuan,1
biro,1
raksasa,1
rakha,1
rajin,1
raib,1
rahmat,1
raghav,1
raffinate,1
keterampilan,1
kenal,1
kerangka,1
keraguan,1
kerabat,1
keputusannya,1
kepolisian,1
kepedulian,1
rapikan,1
bingkisan,1
binatang,1
binaan,1
billionaires,1
kerugian,1
kering,1
kereta,1
kerepotan,1
kemerdekaan,1
kementeriannya,1
bohong,1
bocor,1
bobot,1
atmosfernya,1
atmosferik,1
atlantik,1
athlete,1
athallah,1
kepadanya,1
kep,1
keok,1
kento,1
kentjana,1
kental,1
bmri,1
blocked,1
blanco,1
bkpm,1
kemendag,1
kemenanngan,1
re,1
rdp,1
rdif,1
rdg,1
rawamangun,1
aud,1
atribut,1
atp,1
kemunduran,1
kemunculan,1
kemaritiman,1
kemanusiaan,1
kemandirian,1
kemampuannya,1
keluarannya,1
keluaran,1
kelolaan,1
kelengkapan,1
kelembagaan,1
registrasi,1
reformasi,1
reference,1
recruitment,1
recording,1
record,1
rebalancing,1
kelasnya,1
kelanjutan,1
kelangkaan,1
kelancaran,1
kelak,1
kelahiran,1
kekinian,1
kekhawatiran,1
kekecewaannya,1
relevansi,1
relaksasi,1
rekosistem,1
rekor,1
rekayasa,1
rekam,1
reignite,1
resikonya,1
resik,1
resign,1
reorganize,1
rentan,1
rendam,1
rencanamu,1
renaldo,1
removal,1
kejuaran,1
kejahatan,1
kejagung,1
keinginannya,1
keindahan,1
keleluasaan,1
kelebihan,1
rezqiano,1
rezekinya,1
box,1
bow,1
border,1
bongkar,1
bombastis,1
bollywood,1
boje,1
kehati,1
kehadirannya,1
revamp,1
retail,1
restoran,1
respek,1
resilien,1
keberlangsungan,1
kegigihannya,1
kee,1
kediamannya,1
kedekatan,1
kedalaman,1
kedai,1
kecurigaan,1
kecocokannya,1
kecintaannya,1
kecintaan,1
kecilnya,1
riilnya,1
right,1
ricky,1
ribuan,1
kebanggaan,1
kearifan,1
keanggotaan,1
kean,1
kayaknya,1
kasir,1
ritmenya,1
risk,1
rintangan,1
ringkasan,1
ringan,1
kecerdikan,1
kebocoran,1
kebiasaannya,1
kebetulan,1
keberuntungan,1
karyama,1
kartu,1
kartika,1
karsa,1
karnavian,1
karier,1
rompis,1
romano,1
roller,1
roeslani,1
roe,1
robin,1
roadmap,1
rizki,1
rival,1
riuhnya,1
asuransi,1
asuhnya,1
asset,1
asrama,1
asna,1
asli,1
asisten,1
royadi,1
roy,1
round,1
rosiana,1
rosejaya,1
rosan,1
kasemen,1
kasar,1
karyawan,1
rumus,1
rumit,1
karel,1
karat,1
kaprah,1
brivolution,1
britravelfair,1
brimo,1
rumahkan,1
ruko,1
rui,1
rugi,1
rudyatmo,1
rudianto,1
rpjm,1
at,1
kalanya,1
brilink,1
brilian,1
brikpr,1
brikkb,1
brian,1
brasil,1
brand,1
kandung,1
russian,1
russell,1
russel,1
rusian,1
rupslb,1
runtu,1
rune,1
kajian,1
kai,1
kagum,1
kadin,1
kaburnya,1
sakit,1
sains,1
saga,1
sabun,1
sabila,1
ruu,1
kampus,1
kamboj,1
kalurahan,1
kalian,1
kalendernya,1
samakan,1
ashwin,1
k,1
juniornya,1
juniaty,1
junaidi,1
jun,1
julien,1
budiharto,1
arus,1
arto,1
artis,1
salam,1
salahnya,1
kalahkan,1
kala,1
johanna,1
joakin,1
bta,1
bruce,1
browser,1
brosur,1
brms,1
juliantono,1
judicial,1
samudra,1
sampah,1
samindo,1
sambutan,1
sambungan,1
sambil,1
samanya,1
jj,1
jie,1
jiang,1
jera,1
jenama,1
sasaran,1
saran,1
santri,1
santiko,1
santana,1
jualan,1
jsmr,1
jpy,1
jose,1
jonaran,1
joint,1
bullion,1
jemur,1
jempolan,1
jemawa,1
jeli,1
jelek,1
jejaring,1
je,1
jayawijaya,1
jayapura,1
jawara,1
sda,1
sd,1
school,1
scam,1
sasongko,1
bukaan,1
jani,1
janeiro,1
jaminkan,1
jambi,1
sebisa,1
sebentar,1
sebelas,1
sebatas,1
sdm,1
jatsc,1
jarr,1
jargas,1
jantra,1
jannik,1
bulus,1
istri,1
buva,1
jakpro,1
jake,1
jaisinghani,1
jagoan,1
jadwalnya,1
jad,1
jabodetabek,1
armenia,1
arjune,1
ardian,1
sector,1
secepat,1
sebutan,1
bukanlah,1
bunganya,1
istora,1
istilah,1
istana,1
segelintir,1
segara,1
segar,1
segalanya,1
sedikitnya,1
sediakan,1
sederajat,1
sedaya,1
aromaterapinya,1
izzudin,1
ite,1
it,1
ir,1
invoicing,1
investama,1
intip,1
intinya,1
intimidasi,1
intiguna,1
sejujurnya,1
sejahterakan,1
seimbang,1
seharga,1
segini,1
butadiene,1
buruk,1
bunyikan,1
bunyi,1
intermediary,1
interior,1
interaktif,1
interaksi,1
integratif,1
arachely,1
aquarius,1
approach,1
apm,1
aplikatif,1
seketika,1
ismail,1
island,1
islam,1
isi,1
iran,1
instrument,1
institute,1
institusi,1
instansi,1
instan,1
inspirasi,1
insan,1
self,1
selesaikan,1
selebriti,1
selat,1
selamanya,1
arbitrase,1
arb,1
arang,1
internet,1
inflasinya,1
indojaya,1
cahaya,1
cadangannya,1
anwar,1
semerbak,1
sembari,1
semangatnya,1
inndonesia,1
inkonsistensi,1
inklusif,1
inginkan,1
ingetin,1
ingatkan,1
infrastrukturnya,1
insya,1
cad,1
cabai,1
bwfworldchampionships,1
bwfmedia,1
indodana,1
individualnya,1
senada,1
sempurna,1
sempit,1
semifinalis,1
apik,1
api,1
apexindo,1
aparat,1
infrastructure,1
info,1
sepasang,1
separuh,1
sepakbola,1
sepakat,1
seolah,1
sentuhan,1
sentral,1
sentimen,1
sengketa,1
sengaja,1
seng,1
senantiasa,1
indikatif,1
indikasi,1
improve,1
cadang,1
imbas,1
imbalan,1
imbal,1
ily,1
ilmu,1
ikutan,1
iklan,1
ikatan,1
iii,1
serangkaian,1
serang,1
serahkan,1
septina,1
sepihak,1
sepenuh,1
sepatu,1
identitas,1
idealnya,1
idaman,1
icomex,1
ichinomiya,1
iata,1
sertifikat,1
seringkali,1
sergapan,1
serepot,1
serenity,1
serbuk,1
serbia,1
serap,1
impactful,1
imbuhnya,1
antisipasi,1
hutang,1
hum,1
hulu,1
hsun,1
hsbc,1
antiinflamasi,1
anthonya,1
antarperwira,1
antariksa,1
antar,1
sesungguhnya,1
sesudah,1
sesegera,1
ihsh,1
idx,1
seumur,1
hpp,1
hp,1
house,1
hormuz,1
hormat,1
hongkong,1
holvy,1
holger,1
holding,1
hoaks,1
setuju,1
setting,1
setoran,1
setiawan,1
setempat,1
shop,1
shipping,1
hmetd,1
hitungan,1
hitesh,1
hirokami,1
hira,1
himpunan,1
himmatina,1
hilong,1
hilang,1
hikmah,1
shenzen,1
shearer,1
sharma,1
seutuhnya,1
here,1
hembusan,1
hierarkinya,1
hidupku,1
hidupkan,1
hidayat,1
hidayah,1
hiburannya,1
hiasan,1
heyn,1
hewannya,1
capek,1
cantik,1
siakan,1
si,1
shortlist,1
hazell,1
hauling,1
hatian,1
hasniel,1
sindikasi,1
simultan,1
simpul,1
simp,1
simanjuntak,1
sikat,1
sien,1
candy,1
candra,1
candi,1
calia,1
cahyono,1
harimurti,1
hariharan,1
hariannya,1
angsuran,1
angle,1
angkut,1
angkatan,1
angkat,1
anginnya,1
anggarannya,1
singh,1
singapore,1
sinem,1
sindir,1
helikopter,1
healthcare,1
hanif,1
hang,1
handal,1
hamza,1
hambatan,1
hambalang,1
situasinya,1
sirna,1
sinner,1
sinkronisasi,1
annual,1
anl,1
anjlok,1
harusnya,1
hartanto,1
harri,1
hall,1
halim,1
halaman,1
halal,1
haknya,1
haier,1
hahaha,1
hadinoto,1
small,1
slip,1
sleijpen,1
slb,1
skenario,1
sjahrir,1
hao,1
hanyalah,1
guo,1
gunardi,1
gunakan,1
solihin,1
solar,1
sokongan,1
soetta,1
soesilo,1
soebagdja,1
sms,1
smp,1
smk,1
smith,1
smartphone,1
haluoleo,1
haluan,1
gue,1
gudang,1
guangdong,1
gta,1
grupo,1
growth,1
spesialis,1
souvenir,1
solution,1
habisan,1
gzco,1
gymnasium,1
gym,1
gutf,1
gustaman,1
gurihnya,1
card,1
ground,1
grooming,1
stability,1
stabilisasi,1
st,1
sro,1
sraj,1
spreadsheet,1
sportivitas,1
spktqbd,1
spin,1
gula,1
gugur,1
gugup,1
guerra,1
granular,1
gozali,1
good,1
gocap,1
goals,1
stnk,1
stem,1
stefan,1
steenbakkers,1
standby,1
standarisasi,1
stand,1
casa,1
carmen,1
carla,1
carikan,1
gibra,1
gfs,1
gerbang,1
geralldy,1
gerai,1
geografis,1
geografi,1
suasananya,1
studio,1
studi,1
student,1
stres,1
strategy,1
strategisnya,1
strateginya,1
stop,1
genggaman,1
general,1
gemilang,1
gembira,1
gemar,1
gelarnya,1
andministratif,1
andjela,1
andit,1
andi,1
andalkan,1
andal,1
sudahlah,1
substansi,1
gmf,1
giliran,1
gbp,1
garansi,1
gantung,1
ganti,1
ganjalan,1
ganinduto,1
gandum,1
gandarai,1
suhendra,1
sugiono,1
sugiharto,1
sugiandi,1
sudin,1
aneka,1
andreas,1
gentar,1
surpres,1
cegatan,1
cederanya,1
cbn,1
from,1
supervisory,1
sungkan,1
sunarto,1
sumual,1
sumartono,1
sumarli,1
sulungnya,1
gabung,1
fx,1
furdausi,1
centimeter,1
first,1
frasa,1
franchise,1
fragmentasi,1
foreign,1
forehand,1
follow,1
svp,1
susunan,1
susun,1
sustainability,1
susi,1
susahnya,1
suryana,1
surya,1
survey,1
finals,1
finalis,1
film,1
amsakarunan,1
ams,1
amortization,1
fod,1
flushing,1
fluid,1
fleksibilitas,1
fleksibel,1
flat,1
fixed,1
fitur,1
fisioterapi,1
fiscal,1
cetak,1
ceruk,1
ceritanya,1
fauziyah,1
fathir,1
tabungan,1
ta,1
anaknya,1
anagata,1
fesyen,1
fernandez,1
feelnya,1
federation,1
februari,1
finis,1
finding,1
farah,1
fanghui,1
familiar,1
faktanya,1
fakta,1
faiz,1
fabrizio,1
tanaya,1
tampaknya,1
tambahani,1
taman,1
talkshow,1
takutnya,1
taksir,1
champions,1
cgk,1
expomedan,1
expert,1
excited,1
excellence,1
evolusi,1
eventnya,1
evaluasinya,1
ev,1
tantang,1
tank,1
tangguh,1
tang,1
tandiono,1
tandemnya,1
fasilitasi,1
farm,1
essa,1
esdm,1
erwiansyah,1
equity,1
tbig,1
taxes,1
tawarkan,1
taufik,1
taruh,1
tarik,1
targeting,1
tanzil,1
tanzif,1
tanya,1
tantangannya,1
exposure,1
entrepreneur,1
entitas,1
engalahkan,1
enabler,1
amat,1
amartya,1
amankan,1
amallia,1
teddy,1
technology,1
tech,1
tebus,1
team,1
eur,1
ety,1
ethylene,1
eliminasi,1
elemen,1
ekuitas,1
ekstrem,1
chiew,1
chico,1
telat,1
tekstil,1
teknikal,1
tekanannya,1
tekad,1
tegur,1
ambyar,1
ambruk,1
ambon,1
equestrian,1
cheng,1
chemistry,1
chemical,1
chef,1
cheah,1
chauhan,1
channel,1
eksperimen,1
ekspansinya,1
eksis,1
temuan,1
tempatkan,1
temannya,1
tema,1
telkomgroup,1
elsa,1
earnings,1
dyah,1
dwi,1
duta,1
duo,1
terakhirnya,1
terabaikan,1
tepi,1
tepatnya,1
tentara,1
tendean,1
eko,1
eff,1
efektivitas,1
ee,1
chi,1
duluan,1
duc,1
duanya,1
dtsen,1
drop,1
drastis,1
dprd,1
dp,1
ciptakan,1
cio,1
terbangun,1
terbalik,1
teratur,1
terapi,1
teranyar,1
terangkat,1
cinta,1
ci,1
chrome,1
doubles,1
dosen,1
dorongan,1
alternatif,1
alokasinya,1
almarhum,1
allesya,1
allah,1
terbiasa,1
terbesarnya,1
terbebani,1
dumindu,1
dulunya,1
diwakili,1
diversifikasi,1
diverifikasi,1
diusulkan,1
diunggulkan,1
tercinta,1
tercapai,1
alvaro,1
alur,1
dompet,1
dolarnya,1
dokumentasi,1
dokter,1
dok,1
doa,1
dna,1
terkasih,1
terkadang,1
terjun,1
terjalin,1
terjadwal,1
terjadilah,1
tergoncang,1
terduga,1
dituntut,1
ditunjuk,1
dituangkan,1
ditinggalkan,1
dm,1
dji,1
diy,1
diwaspadai,1
ditandai,1
ditambang,1
ditindaklanjuti,1
ditindak,1
diterjemahkan,1
diterimanya,1
ditempet,1
ditempati,1
ditelepon,1
terkuras,1
terkini,1
terkenal,1
terkemuka,1
terkejar,1
terkecuali,1
terkecil,1
diskusinya,1
diskon,1
disini,1
disia,1
terpadu,1
terpacu,1
teror,1
ternate,1
termurah,1
terlewat,1
terlaksana,1
ditawarin,1
ditaruh,1
ditarget,1
ditanyakan,1
ditandem,1
disetop,1
disertai,1
diselingi,1
diselesaikan,1
disediakan,1
disebabkan,1
tersebar,1
tersangka,1
terpilihnya,1
terpercaya,1
terpentingnya,1
terparkir,1
terpaku,1
ditahan,1
disyukuri,1
distribusi,1
disambangi,1
disamaratakan,1
disamakan,1
disalip,1
disahkan,1
disabilitas,1
dirut,1
dirubah,1
dirjen,1
diriku,1
alasannya,1
tersusul,1
tersingkirnya,1
terserap,1
tersentuh,1
terselip,1
dipersepsikan,1
diredam,1
direct,1
direalisasikan,1
diraihnya,1
diragukan,1
diproduksi,1
diprioritaskan,1
testimoni,1
terungkap,1
alhamdulilah,1
alghifari,1
alfarizqi,1
alfa,1
disarankan,1
disangka,1
dipenuhi,1
dipatuhi,1
dipatok,1
tidur,1
tidore,1
ti,1
three,1
thiaah,1
tex,1
tetangga,1
diponegoro,1
dipimpinnya,1
dipikirkan,1
diperuntukkan,1
dipertimbangkan,1
dipersilahkan,1
dinomor,1
dinilainya,1
dinihari,1
akuarium,1
aktual,1
aktivitasnya,1
aksesibilitas,1
timor,1
timnya,1
timah,1
dipermudah,1
diperkuat,1
diperhitungkan,1
diperhatikan,1
diperbarui,1
diperbaharui,1
tkb,1
tk,1
tjsl,1
tito,1
titipkan,1
tirai,1
tipe,1
tingkatkan,1
tingginya,1
tinggalkan,1
ting,1
akurat,1
dipastikan,1
dipaparkannya,1
dipantau,1
diobrolkan,1
dinas,1
dinar,1
dinamis,1
dimutahirkan,1
dimulainya,1
diminati,1
dimeriahkan,1
dimenangkan,1
dimasukkan,1
dimandatkan,1
tongkang,1
tomic,1
tolok,1
tokoh,1
toh,1
tkd,1
dimaksimalkan,1
dilibatkan,1
dilengkapi,1
dilebur,1
dilatih,1
dilaporkan,1
dilangsungkan,1
trader,1
traded,1
towing,1
tournament,1
touchnya,1
tosl,1
torehan,1
topik,1
tools,1
dikonversi,1
dikonfirmasi,1
dikomplain,1
dikirimkan,1
dikirim,1
dikembangkan,1
transmigrasi,1
transmart,1
transkripsi,1
transjakarta,1
transit,1
transisi,1
transaksinya,1
trans,1
tradisi,1
dimaksudkan,1
dihasilkan,1
coaster,1
coal,1
akd,1
akal,1
airnav,1
trisetyani,1
triknya,1
trik,1
tricky,1
dijual,1
dijalaninya,1
dijalani,1
dilanda,1
dikurangi,1
dikunjungi,1
city,1
cir,1
dihadapkan,1
dihadapan,1
digitalisasi,1
digenjot,1
digenggam,1
tua,1
trump,1
trofi,1
akhiri,1
diiringi,1
diingat,1
diibaratkan,1
dihuni,1
dihentikan,1
digagas,1
digabung,1
dieksplorasi,1
diduga,1
diduetkan,1
turunan,1
turnover,1
turnamennya,1
turnaman,1
tur,1
tuntas,1
tunjangan,1
tunggu,1
tunduk,1
tumbuhan,1
climate,1
uc,1
ubung,1
uber,1
airborne,1
ainiyah,1
ai,1
ahsan,1
agus,1
typo,1
twitter,1
tutupnya,1
turunkan,1
digencarkan,1
digemari,1
digarisbawahi,1
digame,1
umic,1
ukhuwah,1
didominasi,1
didiskusikan,1
didik,1
dideritanya,1
didasarkan,1
didapatkan,1
didapat,1
didanai,1
dicurigai,1
dicoret,1
dicoba,1
udit,1
ucapkan,1
ucapan,1
dicari,1
dicanangkan,1
dicabut,1
dibutuhin,1
dibolehkan,1
dibicarakan,1
diberlakukan,1
diberitakan,1
diberesin,1
diberangkatkan,1
underserved,1
underbanked,1
under,1
umur,1
umrah,1
umkacademy,1
agregat,1
agen,1
dibeli,1
dibelanjakan,1
dibantah,1
dibangun,1
dibagikan,1
dibaca,1
diawali,1
aeroasia,1
aeh,1
aduan,1
untr,1
unjuk,1
unit,1
dicarikan,1
developer,1
detikjogja,1
diatasi,1
diarungi,1
diantika,1
diangkut,1
diangkat,1
dianggarkan,1
diambang,1
diamankan,1
diakuisisi,1
urung,1
upskilling,1
upper,1
upg,1
upacara,1
vi,1
detikers,1
detailnya,1
desman,1
deretan,1
depreciation,1
deposit,1
vestegaard,1
vakum,1
usulkan,1
usul,1
usianya,1
usahakan,1
dhinda,1
dhe,1
dewana,1
dengarkan,1
dengar,1
demut,1
dempo,1
demo,1
commuter,1
communications,1
committee,1
volatilitas,1
viviana,1
vitman,1
vitamin,1
virtual,1
viktor,1
vice,1
vibes,1
com,1
cof,1
cocokkan,1
coco,1
coc,1
demand,1
delegasi,1
waketum,1
wajdi,1
wahyu,1
wah,1
wacanakan,1
voucher,1
voting,1
dental,1
denpasar,1
delay,1
deindustrialisasi,1
defense,1
debutnya,1
debu,1
debris,1
debitur,1
wawancara,1
waspadai,1
warnanya,1
warisan,1
wardoyo,1
warankiran,1
commercial,1
commerce,1
command,1
dah,1
corporation,1
daur,1
dasco,1
dasawarsa,1
darojat,1
darmawan,1
darma,1
adopsi,1
admin,1
adjustment,1
adjust,1
adityawarman,1
adininggar,1
website,1
we,1
composite,1
complex,1
dagangannya,1
wild,1
wijaya,1
widyasanti,1
widhiyanti,1
who,1
whatsapp,1
wet,1
adro,1
adrian,1
dapur,1
dapet,1
dalih,1
dai,1
yafiyah,1
yafin,1
xumin,1
xinwa,1
xing,1
wujud,1
wo,1
wisata,1
wimbledon,1
corona,1
corak,1
coo,1
convert,1
contoh,1
condongcatur,1
compressed,1
abhishek,1
yuli,1
abdullah,1
ad,1
aceh,1
yme,1
yijing,1
yield,1
yee,1
cover,1
countries,1
costnya,1
zoom,1
zhen,1
zhang,1
zeist,1
mudanya,1
muat,1
mts,1
mou,1
yudhoyono,1
ytd,1
yonex,1
adaptif,1
zaman,1
yuniarti,1
yuliarto,1
abullah,1
abud,1
abis,1
abimanyu,1
abidzar,1