bulan,jumlah_gempa,magnitudo_rata_rata,magnitudo_maksimum,kedalaman_rata_rata_km
2020-01,70,4.78,6.3,83.50257142857143
2020-02,83,4.832530120481928,6.2,80.34807228915663
2020-03,62,4.808064516129033,6.1,87.24661290322581
2020-04,42,4.828571428571429,6.0,63.00761904761905
2020-05,51,4.745098039215686,6.8,82.77117647058823
2020-06,54,4.818518518518518,6.4,64.76055555555556
2020-07,50,4.736,6.6,91.89200000000001
2020-08,76,4.869736842105263,6.9,75.07921052631579
2020-09,60,4.786666666666666,5.9,82.15166666666667
2020-10,75,4.774666666666667,5.6,70.2628
2020-11,59,4.755932203389831,6.0,81.23033898305086
2020-12,72,4.756944444444445,6.1,81.83416666666668
2021-01,68,4.929411764705883,7.0,110.1754411764706
2021-02,78,4.77051282051282,6.3,71.72589743589744
2021-03,63,4.746031746031746,5.6,84.2931746031746
2021-04,62,4.875806451612903,6.1,87.78564516129032
2021-05,74,4.805405405405406,6.7,73.65189189189189
2021-06,106,4.741509433962264,6.2,61.96726415094339
2021-07,73,4.775342465753425,6.3,84.04273972602739
2021-08,82,4.734146341463415,6.0,78.80743902439025
2021-09,65,4.704615384615384,5.4,64.78169230769231
2021-10,71,4.74225352112676,5.7,78.9074647887324
2021-11,65,4.787692307692308,6.0,65.25323076923077
2021-12,109,4.824770642201835,7.3,56.94220183486238
2022-01,86,4.774418604651163,6.6,54.763023255813955
2022-02,102,4.7215686274509805,6.1,48.912549019607845
2022-03,83,4.779518072289156,6.7,52.04686746987952
2022-04,74,4.7337837837837835,5.9,64.87675675675676
2022-05,56,4.801785714285714,6.2,66.21821428571428
2022-06,71,4.711267605633803,5.8,99.21443661971831
2022-07,72,4.761111111111111,5.4,63.29015277777777
2022-08,81,4.7555555555555555,6.2,81.12445679012346
2022-09,100,4.803999999999999,6.2,56.08954
2022-10,66,4.721212121212122,5.2,78.21442424242424
2022-11,68,4.851470588235294,6.9,72.31645588235294
2022-12,83,4.7542168674698795,5.9,73.8322530120482
2023-01,164,4.764634146341463,7.6,58.39711585365854
2023-02,73,4.782191780821918,6.3,68.68505479452055
2023-03,63,4.746031746031746,5.4,65.61703174603174
2023-04,77,4.9480519480519485,7.1,68.38322077922078
2023-05,56,4.760714285714286,6.2,73.96182142857143
2023-06,60,4.733333333333333,5.9,82.3427
2023-07,70,4.7542857142857144,5.6,65.68161428571428
2023-08,67,4.844776119402986,7.1,113.49958208955223
2023-09,59,4.806779661016949,6.0,84.04949152542373
2023-10,57,4.8315789473684205,6.4,62.23714035087719
2023-11,137,4.80948905109489,7.1,40.88526277372263
2023-12,67,4.8059701492537314,6.3,79.36444776119403
